scanDate,deviceId,scanId,frameId,lightSource,spectralCount,spectralValues,scanNote

5/13/2020 16:21,VN1B-MW01-026G-D315,sample_1,1,0,600,8.0 7.0 8.0 7.0 7.0 8.0 7.0 8.0 7.0 8.0 7.0 8.0 7.0 8.0 10.0 9.0 7.0 8.0 9.0 8.0 7.0 8.0 9.0 8.0 8.0 7.0 8.0 7.0 7.0 8.0 8.0 8.0 8.0 8.0 8.0 8.0 8.0 7.0 7.0 8.0 8.0 7.0 7.0 8.0 8.0 9.0 9.0 8.0 7.0 8.0 8.0 8.0 6.0 8.0 8.0 8.0 7.0 8.0 8.0 8.0 8.0 7.0 9.0 9.0 7.0 11.0 9.0 7.0 7.0 8.0 8.0 8.0 7.0 8.0 8.0 8.0 8.0 8.0 8.0 7.0 9.0 8.0 9.0 9.0 9.0 9.0 8.0 8.0 7.0 9.0 9.0 9.0 8.0 9.0 9.0 9.0 9.0 7.0 8.0 8.0 7.0 9.0 9.0 8.0 8.0 8.0 9.0 9.0 9.0 9.0 10.0 9.0 10.0 10.0 9.0 9.0 10.0 10.0 10.0 8.0 10.0 10.0 9.0 9.0 11.0 11.0 10.0 11.0 11.0 11.0 11.0 12.0 11.0 12.0 11.0 12.0 13.0 13.0 12.0 14.0 13.0 14.0 13.0 13.0 14.0 14.0 14.0 13.0 14.0 14.0 15.0 15.0 14.0 14.0 15.0 16.0 16.0 16.0 17.0 17.0 17.0 18.0 18.0 18.0 18.0 19.0 20.0 19.0 19.0 20.0 20.0 20.0 22.0 20.0 21.0 21.0 22.0 22.0 23.0 23.0 22.0 24.0 24.0 24.0 24.0 23.0 25.0 25.0 25.0 24.0 26.0 24.0 25.0 25.0 26.0 23.0 25.0 25.0 23.0 24.0 23.0 25.0 23.0 23.0 22.0 22.0 22.0 23.0 21.0 22.0 22.0 21.0 22.0 22.0 21.0 20.0 19.0 20.0 18.0 19.0 20.0 18.0 18.0 18.0 18.0 17.0 17.0 17.0 17.0 15.0 17.0 18.0 16.0 17.0 16.0 15.0 17.0 17.0 17.0 15.0 17.0 15.0 15.0 16.0 16.0 15.0 15.0 16.0 15.0 14.0 14.0 15.0 14.0 15.0 16.0 16.0 14.0 15.0 14.0 13.0 15.0 14.0 14.0 14.0 13.0 13.0 13.0 13.0 13.0 15.0 13.0 13.0 15.0 13.0 13.0 14.0 13.0 13.0 14.0 14.0 14.0 15.0 14.0 13.0 13.0 13.0 14.0 14.0 15.0 14.0 15.0 15.0 14.0 15.0 15.0 15.0 15.0 16.0 16.0 15.0 16.0 16.0 17.0 16.0 17.0 17.0 16.0 16.0 16.0 17.0 17.0 17.0 18.0 17.0 17.0 17.0 18.0 18.0 18.0 18.0 20.0 18.0 18.0 19.0 17.0 20.0 18.0 20.0 20.0 19.0 20.0 18.0 20.0 20.0 20.0 21.0 20.0 21.0 22.0 21.0 21.0 21.0 20.0 21.0 21.0 21.0 22.0 21.0 22.0 21.0 22.0 23.0 21.0 21.0 23.0 21.0 20.0 21.0 23.0 21.0 22.0 22.0 21.0 23.0 21.0 22.0 22.0 21.0 22.0 23.0 21.0 21.0 21.0 21.0 23.0 21.0 22.0 22.0 23.0 21.0 22.0 23.0 21.0 22.0 22.0 22.0 21.0 22.0 21.0 22.0 23.0 20.0 23.0 21.0 23.0 23.0 21.0 22.0 22.0 22.0 23.0 22.0 21.0 21.0 23.0 21.0 24.0 23.0 22.0 22.0 22.0 21.0 22.0 22.0 22.0 21.0 23.0 20.0 22.0 21.0 21.0 21.0 20.0 20.0 20.0 20.0 20.0 20.0 20.0 20.0 20.0 21.0 20.0 19.0 20.0 20.0 20.0 19.0 18.0 19.0 17.0 18.0 17.0 18.0 17.0 17.0 15.0 17.0 15.0 15.0 17.0 15.0 15.0 16.0 16.0 15.0 14.0 13.0 15.0 13.0 14.0 14.0 13.0 12.0 14.0 13.0 13.0 13.0 11.0 12.0 12.0 12.0 11.0 12.0 11.0 12.0 12.0 12.0 12.0 11.0 11.0 13.0 12.0 13.0 12.0 13.0 11.0 12.0 12.0 11.0 11.0 12.0 10.0 10.0 11.0 11.0 10.0 10.0 9.0 10.0 9.0 10.0 10.0 10.0 10.0 9.0 10.0 10.0 9.0 9.0 8.0 9.0 8.0 9.0 9.0 9.0 7.0 8.0 8.0 8.0 9.0 8.0 7.0 8.0 7.0 8.0 8.0 9.0 8.0 8.0 9.0 9.0 7.0 7.0 8.0 8.0 8.0 8.0 9.0 8.0 7.0 8.0 8.0 8.0 7.0 8.0 8.0 8.0 8.0 7.0 7.0 8.0 8.0 7.0 9.0 7.0 7.0 7.0 7.0 7.0 7.0 7.0 7.0 8.0 7.0 7.0 7.0 7.0 7.0 7.0 8.0 8.0 7.0 9.0 7.0 7.0 7.0 8.0 8.0 7.0 7.0 7.0 7.0 8.0 8.0 8.0 7.0 8.0 7.0 8.0 8.0 8.0 8.0 8.0 8.0 7.0 7.0 8.0 8.0 8.0 ,extra notes can be made here
5/13/2020 16:21,VN1B-MW01-026G-D315,sample_1,2,0,600,8.0 9.0 6.0 6.0 8.0 7.0 8.0 8.0 7.0 7.0 7.0 7.0 7.0 7.0 8.0 7.0 8.0 8.0 8.0 7.0 7.0 8.0 7.0 7.0 7.0 7.0 6.0 7.0 7.0 7.0 7.0 7.0 7.0 7.0 7.0 7.0 7.0 7.0 7.0 7.0 8.0 6.0 8.0 7.0 7.0 7.0 7.0 7.0 9.0 8.0 7.0 7.0 8.0 7.0 7.0 8.0 6.0 6.0 7.0 8.0 7.0 6.0 10.0 9.0 7.0 10.0 8.0 7.0 7.0 7.0 9.0 7.0 7.0 7.0 7.0 8.0 8.0 9.0 9.0 7.0 8.0 8.0 8.0 7.0 8.0 8.0 8.0 8.0 8.0 8.0 7.0 8.0 8.0 8.0 7.0 8.0 7.0 8.0 8.0 9.0 7.0 9.0 9.0 8.0 9.0 10.0 9.0 9.0 9.0 9.0 8.0 9.0 9.0 8.0 9.0 9.0 10.0 9.0 9.0 9.0 9.0 10.0 9.0 9.0 10.0 9.0 10.0 10.0 10.0 10.0 11.0 12.0 11.0 11.0 10.0 11.0 12.0 12.0 13.0 12.0 12.0 13.0 13.0 13.0 13.0 13.0 14.0 15.0 14.0 14.0 14.0 15.0 15.0 15.0 16.0 15.0 16.0 16.0 15.0 17.0 17.0 17.0 17.0 17.0 17.0 17.0 19.0 19.0 19.0 18.0 20.0 20.0 19.0 20.0 19.0 20.0 21.0 21.0 23.0 23.0 22.0 22.0 23.0 23.0 23.0 24.0 23.0 23.0 24.0 24.0 24.0 22.0 24.0 24.0 25.0 23.0 22.0 24.0 24.0 24.0 23.0 23.0 23.0 23.0 21.0 23.0 21.0 21.0 22.0 21.0 20.0 20.0 19.0 21.0 20.0 19.0 19.0 17.0 19.0 18.0 19.0 18.0 18.0 18.0 17.0 17.0 17.0 18.0 17.0 16.0 16.0 16.0 16.0 15.0 16.0 16.0 15.0 15.0 15.0 17.0 16.0 15.0 15.0 15.0 15.0 15.0 15.0 15.0 15.0 15.0 15.0 14.0 13.0 14.0 13.0 15.0 14.0 12.0 12.0 14.0 13.0 14.0 12.0 12.0 11.0 14.0 13.0 13.0 13.0 14.0 14.0 13.0 13.0 13.0 13.0 13.0 13.0 13.0 13.0 13.0 12.0 13.0 11.0 12.0 13.0 14.0 12.0 13.0 14.0 14.0 14.0 14.0 14.0 14.0 14.0 14.0 16.0 15.0 15.0 16.0 16.0 15.0 15.0 15.0 14.0 15.0 16.0 14.0 15.0 17.0 17.0 17.0 17.0 16.0 18.0 16.0 17.0 18.0 17.0 19.0 17.0 18.0 18.0 18.0 18.0 19.0 18.0 18.0 19.0 19.0 19.0 20.0 18.0 18.0 19.0 19.0 20.0 19.0 19.0 21.0 20.0 20.0 20.0 18.0 21.0 22.0 21.0 21.0 19.0 21.0 19.0 22.0 22.0 21.0 21.0 21.0 19.0 21.0 21.0 22.0 21.0 21.0 19.0 22.0 22.0 21.0 20.0 20.0 20.0 21.0 21.0 21.0 20.0 21.0 22.0 20.0 20.0 23.0 22.0 21.0 20.0 20.0 22.0 20.0 21.0 21.0 21.0 21.0 22.0 22.0 22.0 23.0 21.0 22.0 22.0 22.0 21.0 22.0 21.0 20.0 21.0 23.0 21.0 22.0 21.0 22.0 19.0 21.0 21.0 21.0 21.0 21.0 23.0 21.0 23.0 21.0 21.0 21.0 22.0 21.0 20.0 20.0 17.0 19.0 20.0 19.0 19.0 18.0 19.0 19.0 18.0 20.0 19.0 20.0 19.0 17.0 19.0 19.0 17.0 18.0 18.0 18.0 19.0 17.0 17.0 15.0 15.0 16.0 16.0 15.0 16.0 16.0 15.0 16.0 15.0 15.0 15.0 14.0 15.0 13.0 13.0 15.0 14.0 12.0 14.0 12.0 14.0 12.0 12.0 13.0 12.0 12.0 12.0 11.0 12.0 12.0 12.0 12.0 12.0 11.0 11.0 11.0 11.0 11.0 11.0 11.0 11.0 11.0 12.0 11.0 11.0 11.0 11.0 11.0 11.0 9.0 10.0 9.0 10.0 9.0 9.0 9.0 9.0 9.0 9.0 9.0 9.0 10.0 9.0 9.0 8.0 8.0 8.0 10.0 9.0 9.0 9.0 7.0 7.0 7.0 8.0 8.0 8.0 8.0 8.0 9.0 9.0 9.0 7.0 8.0 8.0 7.0 9.0 9.0 9.0 8.0 8.0 8.0 7.0 8.0 8.0 10.0 8.0 7.0 7.0 7.0 7.0 7.0 7.0 8.0 8.0 8.0 7.0 7.0 7.0 7.0 7.0 7.0 8.0 7.0 6.0 8.0 7.0 7.0 7.0 8.0 8.0 7.0 6.0 7.0 7.0 7.0 7.0 7.0 7.0 7.0 7.0 7.0 6.0 7.0 8.0 7.0 7.0 6.0 7.0 6.0 7.0 7.0 7.0 7.0 7.0 7.0 7.0 8.0 8.0 7.0 7.0 7.0 8.0 7.0 ,extra notes can be made here
5/13/2020 16:21,VN1B-MW01-026G-D315,sample_1,3,0,600,8.0 8.0 9.0 8.0 8.0 8.0 8.0 8.0 7.0 8.0 8.0 7.0 7.0 8.0 9.0 8.0 7.0 9.0 10.0 8.0 8.0 8.0 8.0 9.0 7.0 8.0 8.0 7.0 7.0 8.0 8.0 7.0 7.0 7.0 7.0 8.0 8.0 9.0 8.0 7.0 9.0 8.0 7.0 8.0 9.0 7.0 8.0 8.0 7.0 7.0 7.0 8.0 9.0 8.0 8.0 7.0 8.0 8.0 7.0 7.0 9.0 8.0 9.0 9.0 9.0 9.0 7.0 7.0 7.0 7.0 8.0 8.0 8.0 9.0 8.0 8.0 8.0 8.0 8.0 9.0 8.0 8.0 7.0 8.0 10.0 8.0 10.0 8.0 8.0 8.0 9.0 9.0 9.0 9.0 8.0 8.0 8.0 8.0 9.0 7.0 9.0 9.0 9.0 9.0 8.0 8.0 9.0 9.0 9.0 10.0 9.0 9.0 9.0 10.0 11.0 9.0 9.0 10.0 10.0 10.0 10.0 10.0 10.0 11.0 9.0 11.0 11.0 10.0 10.0 11.0 11.0 12.0 10.0 12.0 13.0 12.0 13.0 14.0 11.0 13.0 13.0 12.0 13.0 14.0 14.0 16.0 13.0 15.0 15.0 15.0 15.0 15.0 15.0 13.0 15.0 16.0 17.0 16.0 17.0 17.0 17.0 18.0 17.0 17.0 17.0 18.0 19.0 19.0 19.0 19.0 19.0 19.0 19.0 20.0 21.0 21.0 21.0 21.0 23.0 22.0 22.0 24.0 22.0 23.0 22.0 24.0 25.0 24.0 25.0 24.0 23.0 23.0 24.0 26.0 24.0 25.0 23.0 23.0 23.0 23.0 23.0 23.0 23.0 24.0 21.0 24.0 21.0 21.0 22.0 23.0 22.0 21.0 19.0 20.0 22.0 19.0 19.0 20.0 18.0 18.0 18.0 19.0 18.0 17.0 17.0 17.0 17.0 18.0 17.0 17.0 17.0 17.0 16.0 16.0 15.0 17.0 15.0 16.0 17.0 16.0 16.0 15.0 15.0 16.0 16.0 16.0 15.0 14.0 15.0 16.0 14.0 14.0 15.0 15.0 14.0 15.0 15.0 15.0 13.0 15.0 13.0 14.0 13.0 14.0 13.0 15.0 13.0 14.0 13.0 13.0 13.0 15.0 14.0 14.0 13.0 13.0 13.0 13.0 14.0 14.0 14.0 13.0 13.0 15.0 14.0 13.0 13.0 13.0 14.0 15.0 13.0 15.0 14.0 14.0 15.0 15.0 15.0 15.0 15.0 17.0 15.0 17.0 15.0 17.0 16.0 16.0 17.0 17.0 17.0 17.0 17.0 17.0 18.0 17.0 17.0 18.0 19.0 19.0 19.0 19.0 19.0 19.0 19.0 18.0 17.0 19.0 19.0 20.0 19.0 20.0 20.0 19.0 19.0 19.0 19.0 18.0 19.0 20.0 21.0 22.0 21.0 20.0 22.0 20.0 22.0 22.0 21.0 22.0 22.0 19.0 21.0 23.0 22.0 21.0 21.0 22.0 22.0 20.0 22.0 21.0 21.0 20.0 21.0 20.0 22.0 21.0 21.0 22.0 20.0 20.0 22.0 21.0 23.0 21.0 23.0 21.0 21.0 23.0 22.0 22.0 23.0 23.0 24.0 24.0 22.0 21.0 22.0 22.0 23.0 21.0 23.0 22.0 21.0 22.0 21.0 23.0 21.0 22.0 23.0 20.0 22.0 22.0 21.0 23.0 21.0 23.0 21.0 21.0 21.0 21.0 23.0 23.0 21.0 21.0 22.0 21.0 23.0 22.0 22.0 21.0 22.0 21.0 20.0 21.0 20.0 19.0 19.0 20.0 19.0 20.0 19.0 20.0 21.0 19.0 18.0 19.0 20.0 19.0 17.0 19.0 18.0 19.0 16.0 18.0 19.0 16.0 16.0 18.0 16.0 17.0 14.0 15.0 16.0 13.0 15.0 15.0 15.0 14.0 14.0 14.0 13.0 14.0 14.0 13.0 14.0 14.0 12.0 14.0 13.0 13.0 13.0 13.0 12.0 11.0 12.0 12.0 12.0 10.0 12.0 12.0 11.0 11.0 11.0 12.0 12.0 12.0 12.0 13.0 11.0 12.0 11.0 13.0 11.0 11.0 11.0 11.0 11.0 9.0 10.0 11.0 10.0 9.0 9.0 10.0 10.0 9.0 10.0 11.0 8.0 10.0 9.0 9.0 8.0 8.0 9.0 7.0 9.0 8.0 8.0 8.0 8.0 9.0 9.0 8.0 9.0 9.0 8.0 9.0 9.0 8.0 8.0 8.0 9.0 8.0 8.0 7.0 7.0 9.0 8.0 8.0 7.0 9.0 7.0 8.0 8.0 7.0 8.0 8.0 8.0 7.0 8.0 8.0 8.0 8.0 8.0 8.0 8.0 7.0 7.0 7.0 7.0 8.0 8.0 8.0 7.0 8.0 8.0 8.0 8.0 8.0 7.0 9.0 8.0 7.0 8.0 7.0 8.0 7.0 7.0 7.0 7.0 7.0 8.0 8.0 8.0 8.0 9.0 8.0 8.0 7.0 8.0 8.0 8.0 8.0 8.0 7.0 8.0 8.0 9.0 8.0 ,extra notes can be made here
5/13/2020 16:21,VN1B-MW01-026G-D315,sample_1,4,1,600,7.0 8.0 8.0 7.0 7.0 7.0 7.0 7.0 8.0 7.0 7.0 7.0 6.0 7.0 8.0 7.0 8.0 6.0 7.0 8.0 7.0 7.0 7.0 7.0 7.0 7.0 8.0 7.0 9.0 7.0 7.0 7.0 7.0 7.0 8.0 8.0 7.0 8.0 8.0 8.0 6.0 7.0 8.0 7.0 6.0 8.0 8.0 7.0 7.0 7.0 8.0 7.0 8.0 8.0 6.0 7.0 8.0 8.0 8.0 9.0 8.0 8.0 7.0 8.0 8.0 8.0 9.0 7.0 7.0 7.0 8.0 7.0 9.0 7.0 7.0 7.0 7.0 8.0 8.0 7.0 8.0 8.0 6.0 8.0 7.0 8.0 8.0 8.0 8.0 8.0 7.0 8.0 8.0 8.0 8.0 8.0 8.0 8.0 7.0 8.0 8.0 7.0 8.0 8.0 8.0 7.0 7.0 8.0 8.0 7.0 7.0 7.0 7.0 8.0 8.0 7.0 8.0 8.0 8.0 8.0 9.0 7.0 7.0 8.0 8.0 8.0 7.0 8.0 7.0 7.0 7.0 8.0 8.0 7.0 7.0 8.0 7.0 8.0 8.0 8.0 8.0 8.0 7.0 6.0 8.0 8.0 8.0 7.0 7.0 8.0 8.0 8.0 8.0 7.0 7.0 7.0 8.0 8.0 7.0 7.0 8.0 7.0 8.0 7.0 8.0 8.0 8.0 8.0 9.0 7.0 9.0 8.0 7.0 8.0 8.0 8.0 7.0 8.0 8.0 8.0 8.0 8.0 8.0 8.0 9.0 7.0 8.0 7.0 7.0 7.0 8.0 7.0 8.0 8.0 7.0 8.0 6.0 8.0 8.0 8.0 9.0 8.0 8.0 8.0 8.0 8.0 9.0 9.0 9.0 7.0 8.0 8.0 7.0 7.0 7.0 8.0 8.0 8.0 7.0 8.0 7.0 8.0 8.0 7.0 7.0 7.0 8.0 8.0 8.0 8.0 7.0 8.0 9.0 8.0 8.0 8.0 8.0 8.0 8.0 8.0 8.0 8.0 9.0 7.0 9.0 8.0 8.0 8.0 8.0 8.0 7.0 9.0 8.0 9.0 8.0 10.0 8.0 8.0 9.0 8.0 8.0 8.0 8.0 9.0 8.0 8.0 9.0 9.0 9.0 8.0 8.0 8.0 8.0 9.0 8.0 9.0 8.0 10.0 8.0 9.0 8.0 8.0 9.0 9.0 8.0 9.0 9.0 8.0 8.0 8.0 8.0 9.0 9.0 8.0 8.0 9.0 8.0 8.0 8.0 9.0 7.0 8.0 8.0 8.0 9.0 9.0 9.0 8.0 8.0 8.0 9.0 9.0 8.0 9.0 9.0 8.0 8.0 9.0 9.0 9.0 10.0 9.0 8.0 9.0 8.0 8.0 8.0 9.0 9.0 9.0 9.0 8.0 8.0 9.0 9.0 9.0 8.0 9.0 9.0 9.0 10.0 8.0 8.0 9.0 8.0 10.0 9.0 9.0 8.0 9.0 10.0 9.0 8.0 8.0 8.0 9.0 10.0 10.0 9.0 9.0 10.0 9.0 9.0 10.0 9.0 9.0 8.0 9.0 9.0 8.0 9.0 9.0 9.0 9.0 9.0 10.0 10.0 10.0 10.0 10.0 9.0 7.0 11.0 9.0 9.0 9.0 9.0 10.0 10.0 10.0 9.0 10.0 10.0 9.0 9.0 9.0 10.0 10.0 10.0 9.0 9.0 10.0 10.0 10.0 10.0 10.0 9.0 9.0 8.0 10.0 9.0 10.0 10.0 9.0 10.0 11.0 11.0 10.0 11.0 10.0 9.0 10.0 11.0 9.0 12.0 12.0 10.0 10.0 11.0 10.0 11.0 11.0 11.0 11.0 11.0 11.0 12.0 12.0 13.0 12.0 11.0 12.0 12.0 12.0 12.0 12.0 14.0 12.0 12.0 13.0 11.0 12.0 12.0 12.0 13.0 13.0 11.0 14.0 13.0 13.0 12.0 14.0 14.0 14.0 14.0 14.0 15.0 15.0 15.0 15.0 16.0 15.0 15.0 17.0 15.0 16.0 18.0 18.0 19.0 19.0 20.0 21.0 24.0 26.0 27.0 29.0 32.0 34.0 36.0 38.0 42.0 43.0 45.0 45.0 47.0 48.0 48.0 51.0 50.0 52.0 52.0 53.0 54.0 53.0 54.0 52.0 52.0 53.0 49.0 51.0 52.0 50.0 48.0 47.0 47.0 46.0 48.0 47.0 47.0 43.0 45.0 44.0 41.0 41.0 40.0 37.0 37.0 37.0 36.0 35.0 32.0 29.0 28.0 25.0 24.0 22.0 20.0 18.0 16.0 16.0 14.0 13.0 13.0 12.0 11.0 11.0 10.0 11.0 9.0 9.0 9.0 8.0 9.0 9.0 9.0 8.0 9.0 9.0 7.0 9.0 9.0 9.0 8.0 9.0 9.0 9.0 8.0 8.0 8.0 8.0 8.0 8.0 8.0 8.0 9.0 7.0 9.0 9.0 9.0 8.0 8.0 8.0 8.0 7.0 8.0 9.0 8.0 8.0 9.0 8.0 8.0 9.0 7.0 8.0 9.0 9.0 7.0 9.0 8.0 10.0 ,extra notes can be made here
5/13/2020 16:21,VN1B-MW01-026G-D315,sample_1,5,1,600,7.0 8.0 8.0 9.0 8.0 8.0 8.0 8.0 7.0 8.0 8.0 8.0 8.0 8.0 7.0 7.0 8.0 8.0 8.0 8.0 8.0 8.0 8.0 8.0 8.0 7.0 7.0 8.0 8.0 7.0 8.0 8.0 6.0 8.0 8.0 8.0 8.0 8.0 8.0 8.0 8.0 9.0 8.0 8.0 8.0 7.0 8.0 8.0 8.0 7.0 8.0 8.0 8.0 8.0 7.0 8.0 8.0 7.0 9.0 9.0 8.0 8.0 8.0 8.0 8.0 8.0 8.0 7.0 7.0 7.0 7.0 8.0 7.0 8.0 7.0 8.0 8.0 8.0 8.0 8.0 8.0 8.0 7.0 7.0 9.0 8.0 8.0 7.0 8.0 8.0 8.0 8.0 7.0 8.0 7.0 7.0 7.0 7.0 7.0 7.0 8.0 8.0 7.0 8.0 8.0 8.0 8.0 8.0 6.0 7.0 8.0 9.0 8.0 8.0 7.0 7.0 7.0 8.0 8.0 8.0 8.0 9.0 7.0 8.0 8.0 8.0 8.0 8.0 8.0 7.0 8.0 7.0 8.0 8.0 7.0 7.0 7.0 8.0 8.0 8.0 8.0 8.0 8.0 8.0 8.0 9.0 8.0 8.0 9.0 8.0 8.0 9.0 8.0 8.0 8.0 8.0 9.0 9.0 8.0 8.0 9.0 8.0 8.0 8.0 9.0 8.0 8.0 8.0 9.0 9.0 8.0 8.0 9.0 8.0 8.0 9.0 8.0 8.0 9.0 8.0 8.0 8.0 8.0 8.0 9.0 8.0 7.0 9.0 7.0 8.0 9.0 9.0 8.0 8.0 8.0 9.0 8.0 9.0 8.0 9.0 9.0 8.0 8.0 8.0 9.0 7.0 9.0 8.0 9.0 9.0 9.0 8.0 8.0 9.0 9.0 9.0 8.0 8.0 9.0 9.0 8.0 8.0 9.0 9.0 8.0 9.0 8.0 9.0 9.0 8.0 9.0 8.0 9.0 8.0 8.0 8.0 8.0 8.0 9.0 9.0 9.0 7.0 8.0 8.0 10.0 8.0 8.0 8.0 9.0 8.0 7.0 8.0 8.0 8.0 9.0 8.0 10.0 9.0 9.0 10.0 8.0 9.0 9.0 8.0 8.0 9.0 8.0 8.0 8.0 8.0 7.0 9.0 9.0 8.0 8.0 8.0 8.0 9.0 8.0 8.0 8.0 8.0 9.0 9.0 9.0 8.0 9.0 8.0 8.0 9.0 9.0 7.0 8.0 9.0 9.0 9.0 9.0 9.0 8.0 9.0 9.0 9.0 9.0 9.0 9.0 9.0 8.0 9.0 9.0 8.0 8.0 8.0 9.0 8.0 9.0 9.0 9.0 9.0 9.0 9.0 10.0 9.0 9.0 9.0 8.0 9.0 9.0 9.0 9.0 9.0 7.0 8.0 10.0 9.0 9.0 9.0 8.0 8.0 9.0 10.0 9.0 9.0 9.0 9.0 10.0 8.0 10.0 10.0 10.0 10.0 9.0 9.0 9.0 10.0 10.0 10.0 10.0 10.0 9.0 10.0 9.0 9.0 9.0 8.0 9.0 9.0 8.0 8.0 10.0 10.0 8.0 10.0 10.0 8.0 11.0 9.0 10.0 9.0 9.0 9.0 11.0 9.0 10.0 10.0 10.0 10.0 8.0 9.0 10.0 10.0 9.0 10.0 10.0 9.0 9.0 12.0 10.0 10.0 11.0 11.0 10.0 10.0 10.0 10.0 10.0 10.0 9.0 12.0 10.0 10.0 10.0 10.0 11.0 10.0 10.0 10.0 10.0 10.0 11.0 11.0 11.0 11.0 10.0 12.0 10.0 11.0 12.0 11.0 10.0 11.0 11.0 13.0 11.0 12.0 11.0 11.0 11.0 11.0 12.0 11.0 12.0 11.0 11.0 12.0 13.0 12.0 12.0 12.0 12.0 12.0 12.0 13.0 12.0 14.0 14.0 12.0 14.0 14.0 13.0 13.0 14.0 14.0 14.0 15.0 14.0 14.0 14.0 14.0 16.0 15.0 15.0 15.0 16.0 16.0 16.0 17.0 16.0 19.0 18.0 20.0 20.0 21.0 23.0 25.0 28.0 30.0 33.0 35.0 38.0 39.0 40.0 42.0 45.0 45.0 47.0 47.0 50.0 51.0 51.0 51.0 50.0 52.0 51.0 51.0 54.0 54.0 53.0 53.0 52.0 50.0 53.0 50.0 49.0 48.0 50.0 46.0 46.0 48.0 46.0 46.0 43.0 43.0 42.0 40.0 40.0 39.0 36.0 35.0 35.0 35.0 30.0 29.0 28.0 25.0 23.0 22.0 21.0 19.0 17.0 15.0 14.0 13.0 13.0 12.0 12.0 12.0 10.0 10.0 10.0 9.0 10.0 10.0 9.0 9.0 10.0 8.0 8.0 9.0 9.0 9.0 9.0 9.0 8.0 9.0 10.0 9.0 9.0 9.0 8.0 9.0 10.0 8.0 8.0 9.0 8.0 9.0 9.0 8.0 8.0 9.0 9.0 8.0 9.0 9.0 9.0 9.0 8.0 8.0 9.0 9.0 8.0 8.0 8.0 8.0 8.0 8.0 8.0 9.0 9.0 9.0 ,extra notes can be made here
5/13/2020 16:21,VN1B-MW01-026G-D315,sample_1,6,1,600,8.0 8.0 8.0 7.0 8.0 7.0 7.0 7.0 8.0 8.0 9.0 8.0 8.0 8.0 8.0 8.0 8.0 8.0 8.0 8.0 7.0 8.0 8.0 7.0 8.0 7.0 7.0 8.0 8.0 8.0 9.0 8.0 8.0 9.0 7.0 8.0 8.0 8.0 8.0 9.0 8.0 8.0 7.0 7.0 7.0 8.0 7.0 7.0 8.0 8.0 7.0 8.0 8.0 8.0 8.0 7.0 7.0 8.0 7.0 7.0 8.0 7.0 7.0 9.0 8.0 8.0 9.0 7.0 7.0 8.0 8.0 8.0 8.0 8.0 7.0 7.0 8.0 7.0 8.0 9.0 8.0 8.0 8.0 8.0 8.0 8.0 8.0 8.0 8.0 8.0 8.0 8.0 8.0 8.0 8.0 8.0 7.0 8.0 8.0 7.0 8.0 9.0 7.0 8.0 8.0 8.0 8.0 8.0 8.0 9.0 7.0 8.0 8.0 7.0 8.0 7.0 7.0 8.0 8.0 8.0 8.0 8.0 8.0 7.0 8.0 8.0 9.0 8.0 8.0 8.0 7.0 8.0 8.0 8.0 8.0 8.0 8.0 8.0 8.0 8.0 9.0 9.0 7.0 7.0 8.0 8.0 8.0 8.0 8.0 8.0 9.0 7.0 8.0 8.0 8.0 8.0 7.0 8.0 8.0 8.0 8.0 8.0 8.0 8.0 8.0 8.0 8.0 9.0 8.0 7.0 9.0 8.0 8.0 9.0 7.0 8.0 7.0 8.0 8.0 8.0 8.0 8.0 9.0 8.0 9.0 7.0 8.0 8.0 9.0 9.0 7.0 9.0 8.0 8.0 8.0 8.0 8.0 8.0 8.0 8.0 8.0 8.0 8.0 8.0 8.0 8.0 7.0 7.0 8.0 8.0 9.0 8.0 9.0 8.0 8.0 8.0 8.0 7.0 8.0 8.0 7.0 8.0 8.0 7.0 7.0 8.0 8.0 8.0 9.0 9.0 8.0 8.0 8.0 7.0 9.0 8.0 8.0 8.0 9.0 8.0 8.0 9.0 8.0 8.0 7.0 8.0 8.0 9.0 8.0 8.0 9.0 9.0 10.0 9.0 9.0 8.0 9.0 8.0 8.0 8.0 8.0 8.0 8.0 8.0 8.0 8.0 8.0 10.0 9.0 9.0 8.0 10.0 8.0 9.0 10.0 8.0 9.0 9.0 9.0 9.0 8.0 8.0 8.0 8.0 8.0 8.0 9.0 8.0 10.0 9.0 9.0 9.0 9.0 9.0 8.0 9.0 7.0 7.0 9.0 9.0 9.0 8.0 10.0 9.0 9.0 8.0 8.0 9.0 9.0 8.0 8.0 8.0 8.0 10.0 8.0 8.0 9.0 9.0 8.0 9.0 9.0 10.0 9.0 9.0 8.0 9.0 8.0 8.0 9.0 9.0 9.0 9.0 9.0 7.0 9.0 8.0 8.0 8.0 10.0 8.0 8.0 9.0 9.0 8.0 8.0 10.0 10.0 9.0 8.0 8.0 8.0 10.0 9.0 9.0 8.0 9.0 9.0 9.0 9.0 10.0 8.0 8.0 9.0 9.0 8.0 10.0 10.0 10.0 9.0 9.0 9.0 9.0 10.0 10.0 9.0 9.0 9.0 9.0 9.0 9.0 10.0 10.0 10.0 10.0 9.0 9.0 10.0 9.0 10.0 10.0 10.0 10.0 10.0 10.0 10.0 10.0 10.0 10.0 10.0 10.0 10.0 12.0 10.0 10.0 9.0 11.0 9.0 10.0 11.0 11.0 11.0 11.0 10.0 11.0 10.0 10.0 10.0 10.0 11.0 11.0 11.0 10.0 12.0 10.0 10.0 11.0 10.0 10.0 12.0 11.0 11.0 12.0 11.0 10.0 12.0 12.0 11.0 11.0 12.0 12.0 12.0 12.0 12.0 13.0 11.0 12.0 11.0 13.0 12.0 13.0 12.0 13.0 12.0 14.0 14.0 14.0 12.0 13.0 13.0 13.0 14.0 15.0 14.0 14.0 14.0 14.0 15.0 15.0 14.0 15.0 15.0 15.0 16.0 16.0 17.0 16.0 18.0 18.0 18.0 20.0 21.0 22.0 24.0 24.0 26.0 29.0 31.0 35.0 36.0 39.0 41.0 41.0 45.0 47.0 46.0 48.0 49.0 49.0 51.0 50.0 51.0 51.0 53.0 52.0 51.0 53.0 55.0 53.0 51.0 51.0 52.0 50.0 48.0 50.0 49.0 50.0 47.0 46.0 49.0 45.0 44.0 43.0 41.0 42.0 39.0 38.0 36.0 36.0 35.0 34.0 30.0 29.0 29.0 28.0 24.0 21.0 21.0 19.0 18.0 16.0 14.0 12.0 13.0 11.0 10.0 10.0 10.0 10.0 10.0 9.0 9.0 9.0 8.0 9.0 9.0 10.0 8.0 10.0 9.0 9.0 9.0 8.0 8.0 10.0 9.0 8.0 9.0 8.0 8.0 10.0 9.0 8.0 10.0 9.0 9.0 8.0 9.0 9.0 7.0 8.0 8.0 9.0 7.0 8.0 9.0 8.0 8.0 8.0 8.0 8.0 8.0 8.0 8.0 8.0 9.0 8.0 9.0 9.0 7.0 9.0 ,extra notes can be made here

5/13/2020 16:22,VN1B-MW01-026G-D315,sample_1,1,0,600,7.0 6.0 7.0 7.0 7.0 6.0 8.0 7.0 7.0 7.0 7.0 7.0 7.0 7.0 9.0 8.0 7.0 8.0 9.0 6.0 7.0 7.0 7.0 6.0 6.0 8.0 8.0 7.0 7.0 7.0 8.0 7.0 7.0 7.0 7.0 8.0 6.0 8.0 8.0 7.0 6.0 7.0 7.0 7.0 7.0 8.0 7.0 7.0 7.0 9.0 8.0 7.0 8.0 7.0 7.0 7.0 7.0 8.0 7.0 7.0 8.0 6.0 7.0 7.0 8.0 9.0 7.0 7.0 7.0 6.0 8.0 8.0 7.0 7.0 6.0 6.0 8.0 8.0 7.0 8.0 7.0 7.0 6.0 7.0 9.0 8.0 9.0 8.0 8.0 8.0 8.0 8.0 8.0 8.0 8.0 8.0 7.0 7.0 8.0 8.0 9.0 7.0 8.0 8.0 9.0 8.0 8.0 9.0 9.0 9.0 9.0 9.0 9.0 9.0 9.0 8.0 8.0 8.0 9.0 9.0 8.0 11.0 9.0 9.0 11.0 9.0 10.0 10.0 10.0 11.0 9.0 11.0 10.0 10.0 11.0 11.0 11.0 12.0 12.0 11.0 12.0 13.0 12.0 11.0 15.0 13.0 12.0 14.0 12.0 15.0 14.0 14.0 14.0 14.0 14.0 15.0 14.0 14.0 15.0 15.0 15.0 16.0 17.0 16.0 17.0 17.0 17.0 17.0 17.0 17.0 19.0 19.0 20.0 19.0 18.0 20.0 21.0 20.0 19.0 21.0 23.0 21.0 21.0 22.0 22.0 22.0 21.0 22.0 22.0 22.0 24.0 22.0 24.0 23.0 23.0 22.0 21.0 23.0 21.0 23.0 22.0 22.0 21.0 21.0 20.0 22.0 21.0 21.0 19.0 20.0 20.0 20.0 18.0 19.0 19.0 20.0 17.0 18.0 18.0 16.0 17.0 18.0 17.0 16.0 16.0 17.0 16.0 16.0 16.0 17.0 17.0 15.0 15.0 14.0 15.0 15.0 15.0 15.0 13.0 14.0 15.0 15.0 14.0 14.0 14.0 15.0 15.0 15.0 14.0 14.0 14.0 13.0 14.0 14.0 13.0 13.0 13.0 14.0 12.0 12.0 13.0 13.0 13.0 13.0 13.0 14.0 12.0 14.0 13.0 13.0 12.0 12.0 13.0 13.0 13.0 14.0 12.0 12.0 13.0 14.0 13.0 12.0 13.0 13.0 13.0 13.0 13.0 14.0 14.0 13.0 14.0 13.0 14.0 14.0 14.0 15.0 15.0 15.0 15.0 16.0 15.0 15.0 15.0 15.0 17.0 15.0 17.0 17.0 17.0 18.0 17.0 17.0 16.0 15.0 17.0 17.0 17.0 19.0 17.0 18.0 19.0 19.0 19.0 18.0 19.0 17.0 19.0 18.0 17.0 19.0 20.0 20.0 19.0 18.0 19.0 19.0 19.0 21.0 20.0 20.0 21.0 20.0 21.0 21.0 21.0 20.0 22.0 19.0 21.0 20.0 22.0 21.0 20.0 21.0 21.0 21.0 20.0 21.0 21.0 21.0 21.0 21.0 19.0 21.0 22.0 24.0 20.0 23.0 22.0 21.0 23.0 21.0 23.0 21.0 22.0 23.0 23.0 22.0 21.0 22.0 23.0 21.0 23.0 24.0 22.0 22.0 22.0 22.0 23.0 22.0 23.0 23.0 22.0 23.0 22.0 24.0 22.0 23.0 23.0 22.0 23.0 23.0 23.0 23.0 23.0 23.0 22.0 23.0 21.0 23.0 23.0 23.0 21.0 25.0 22.0 23.0 22.0 23.0 24.0 21.0 20.0 20.0 19.0 20.0 20.0 21.0 21.0 19.0 20.0 20.0 20.0 20.0 21.0 21.0 20.0 19.0 18.0 19.0 19.0 18.0 18.0 19.0 17.0 17.0 17.0 17.0 17.0 17.0 15.0 16.0 15.0 14.0 17.0 15.0 15.0 15.0 14.0 15.0 14.0 13.0 14.0 15.0 14.0 12.0 12.0 13.0 13.0 12.0 13.0 11.0 12.0 11.0 11.0 12.0 12.0 13.0 12.0 11.0 12.0 11.0 11.0 11.0 11.0 11.0 11.0 11.0 12.0 12.0 11.0 11.0 12.0 12.0 11.0 11.0 10.0 10.0 10.0 9.0 10.0 10.0 8.0 10.0 9.0 9.0 9.0 9.0 8.0 9.0 9.0 8.0 9.0 8.0 7.0 9.0 8.0 9.0 7.0 8.0 8.0 7.0 8.0 9.0 8.0 8.0 8.0 8.0 7.0 8.0 7.0 7.0 7.0 7.0 7.0 7.0 7.0 7.0 7.0 7.0 8.0 7.0 8.0 9.0 7.0 7.0 8.0 8.0 7.0 8.0 8.0 8.0 7.0 8.0 8.0 7.0 9.0 7.0 7.0 8.0 6.0 7.0 7.0 7.0 7.0 8.0 8.0 8.0 7.0 7.0 7.0 8.0 7.0 8.0 7.0 7.0 7.0 7.0 7.0 7.0 6.0 7.0 7.0 7.0 7.0 7.0 7.0 7.0 8.0 8.0 7.0 7.0 7.0 7.0 9.0 8.0 8.0 6.0 7.0 7.0 9.0 7.0 ,this is the second scan of the same sample
5/13/2020 16:22,VN1B-MW01-026G-D315,sample_1,2,0,600,8.0 7.0 8.0 6.0 7.0 9.0 7.0 7.0 8.0 8.0 7.0 7.0 7.0 8.0 8.0 9.0 8.0 8.0 9.0 7.0 7.0 8.0 7.0 7.0 7.0 8.0 8.0 8.0 8.0 9.0 8.0 9.0 7.0 7.0 7.0 8.0 8.0 8.0 8.0 8.0 7.0 9.0 9.0 8.0 8.0 8.0 8.0 8.0 8.0 8.0 9.0 8.0 8.0 8.0 8.0 8.0 7.0 7.0 9.0 8.0 8.0 8.0 9.0 9.0 8.0 9.0 8.0 8.0 8.0 8.0 10.0 8.0 7.0 9.0 8.0 8.0 9.0 8.0 9.0 8.0 8.0 8.0 9.0 8.0 9.0 9.0 9.0 9.0 7.0 9.0 9.0 7.0 8.0 10.0 8.0 9.0 9.0 9.0 9.0 9.0 9.0 9.0 9.0 9.0 9.0 9.0 10.0 10.0 9.0 10.0 10.0 9.0 10.0 9.0 9.0 9.0 10.0 9.0 10.0 11.0 10.0 10.0 10.0 10.0 11.0 10.0 10.0 11.0 11.0 11.0 11.0 11.0 11.0 12.0 11.0 12.0 14.0 15.0 12.0 14.0 14.0 12.0 13.0 13.0 13.0 14.0 14.0 15.0 15.0 14.0 15.0 15.0 14.0 15.0 17.0 15.0 15.0 15.0 15.0 17.0 16.0 18.0 17.0 18.0 18.0 18.0 17.0 17.0 19.0 19.0 20.0 20.0 20.0 21.0 20.0 20.0 21.0 20.0 22.0 23.0 21.0 24.0 22.0 23.0 23.0 23.0 23.0 23.0 24.0 22.0 23.0 24.0 23.0 24.0 23.0 23.0 24.0 24.0 22.0 21.0 21.0 23.0 23.0 23.0 23.0 23.0 21.0 21.0 21.0 21.0 21.0 20.0 22.0 21.0 20.0 20.0 20.0 20.0 18.0 18.0 19.0 18.0 18.0 19.0 17.0 18.0 18.0 18.0 18.0 15.0 16.0 16.0 16.0 16.0 15.0 16.0 15.0 17.0 16.0 15.0 16.0 15.0 15.0 15.0 15.0 13.0 16.0 14.0 15.0 15.0 15.0 16.0 14.0 13.0 15.0 17.0 15.0 13.0 13.0 14.0 13.0 13.0 15.0 15.0 14.0 13.0 14.0 15.0 13.0 13.0 15.0 14.0 13.0 14.0 14.0 13.0 14.0 12.0 13.0 14.0 14.0 15.0 14.0 14.0 13.0 14.0 15.0 13.0 13.0 14.0 14.0 15.0 14.0 15.0 14.0 16.0 15.0 16.0 17.0 16.0 17.0 15.0 17.0 16.0 18.0 17.0 18.0 17.0 18.0 18.0 16.0 18.0 18.0 19.0 20.0 18.0 18.0 19.0 19.0 17.0 20.0 19.0 20.0 19.0 19.0 20.0 19.0 19.0 18.0 20.0 20.0 20.0 20.0 19.0 22.0 20.0 20.0 20.0 21.0 21.0 22.0 21.0 22.0 23.0 23.0 21.0 21.0 22.0 22.0 22.0 23.0 23.0 22.0 22.0 23.0 23.0 21.0 23.0 23.0 21.0 21.0 21.0 23.0 23.0 22.0 22.0 24.0 22.0 22.0 25.0 24.0 23.0 21.0 23.0 23.0 24.0 22.0 22.0 24.0 23.0 24.0 24.0 23.0 23.0 22.0 24.0 25.0 23.0 25.0 22.0 25.0 24.0 24.0 24.0 23.0 23.0 22.0 24.0 23.0 25.0 25.0 23.0 24.0 24.0 22.0 24.0 23.0 24.0 22.0 24.0 22.0 23.0 23.0 25.0 24.0 23.0 25.0 23.0 22.0 21.0 22.0 21.0 22.0 20.0 22.0 20.0 20.0 20.0 19.0 21.0 19.0 19.0 21.0 20.0 20.0 21.0 20.0 21.0 19.0 20.0 17.0 20.0 18.0 18.0 17.0 17.0 18.0 18.0 17.0 17.0 16.0 14.0 16.0 15.0 16.0 17.0 14.0 15.0 15.0 13.0 14.0 14.0 15.0 15.0 14.0 14.0 14.0 13.0 12.0 13.0 13.0 12.0 12.0 12.0 13.0 13.0 13.0 12.0 11.0 12.0 11.0 12.0 12.0 11.0 12.0 13.0 12.0 11.0 12.0 12.0 11.0 12.0 11.0 11.0 11.0 11.0 11.0 10.0 10.0 10.0 10.0 11.0 9.0 9.0 10.0 10.0 9.0 11.0 9.0 9.0 9.0 9.0 10.0 10.0 8.0 8.0 8.0 9.0 8.0 8.0 9.0 8.0 9.0 8.0 8.0 9.0 8.0 8.0 7.0 7.0 9.0 9.0 8.0 8.0 8.0 9.0 7.0 7.0 9.0 8.0 8.0 8.0 8.0 9.0 8.0 9.0 8.0 9.0 8.0 8.0 8.0 7.0 9.0 8.0 8.0 8.0 8.0 8.0 8.0 8.0 8.0 8.0 7.0 9.0 7.0 8.0 7.0 7.0 9.0 8.0 7.0 8.0 7.0 9.0 7.0 8.0 7.0 7.0 8.0 8.0 8.0 8.0 8.0 8.0 8.0 8.0 8.0 8.0 8.0 8.0 9.0 8.0 8.0 8.0 8.0 8.0 8.0 9.0 9.0 8.0 ,this is the second scan of the same sample
5/13/2020 16:22,VN1B-MW01-026G-D315,sample_1,3,0,600,7.0 7.0 8.0 8.0 7.0 8.0 9.0 7.0 7.0 7.0 7.0 7.0 7.0 7.0 9.0 8.0 8.0 8.0 9.0 8.0 8.0 7.0 8.0 9.0 7.0 7.0 9.0 7.0 7.0 7.0 9.0 8.0 8.0 8.0 8.0 8.0 9.0 7.0 9.0 8.0 7.0 7.0 8.0 8.0 6.0 8.0 8.0 8.0 8.0 8.0 8.0 8.0 8.0 8.0 7.0 7.0 7.0 8.0 9.0 8.0 8.0 8.0 10.0 9.0 8.0 9.0 7.0 9.0 8.0 8.0 8.0 7.0 8.0 8.0 8.0 9.0 8.0 9.0 8.0 8.0 8.0 9.0 8.0 9.0 10.0 8.0 9.0 8.0 8.0 8.0 8.0 8.0 9.0 8.0 6.0 8.0 9.0 9.0 8.0 8.0 9.0 9.0 8.0 9.0 10.0 9.0 9.0 9.0 8.0 8.0 9.0 9.0 10.0 10.0 9.0 10.0 9.0 9.0 9.0 9.0 9.0 11.0 11.0 10.0 10.0 9.0 11.0 10.0 10.0 11.0 10.0 11.0 11.0 12.0 11.0 11.0 13.0 13.0 12.0 12.0 13.0 13.0 13.0 13.0 13.0 13.0 14.0 15.0 13.0 15.0 14.0 13.0 14.0 14.0 15.0 15.0 16.0 16.0 15.0 16.0 16.0 17.0 17.0 17.0 17.0 19.0 19.0 20.0 19.0 19.0 19.0 19.0 19.0 20.0 20.0 20.0 21.0 21.0 21.0 21.0 23.0 23.0 22.0 22.0 23.0 23.0 25.0 24.0 22.0 24.0 22.0 22.0 24.0 22.0 24.0 24.0 22.0 24.0 23.0 22.0 23.0 22.0 21.0 23.0 21.0 22.0 21.0 22.0 21.0 21.0 21.0 20.0 21.0 20.0 20.0 20.0 19.0 19.0 18.0 20.0 17.0 16.0 18.0 18.0 18.0 18.0 16.0 17.0 17.0 16.0 17.0 16.0 16.0 15.0 16.0 15.0 16.0 17.0 16.0 17.0 15.0 15.0 16.0 16.0 14.0 15.0 15.0 15.0 15.0 15.0 15.0 14.0 14.0 14.0 14.0 15.0 15.0 15.0 14.0 14.0 14.0 13.0 13.0 13.0 14.0 14.0 13.0 13.0 14.0 15.0 14.0 12.0 14.0 15.0 14.0 14.0 14.0 13.0 14.0 13.0 15.0 13.0 14.0 12.0 13.0 14.0 14.0 14.0 15.0 16.0 15.0 15.0 16.0 14.0 16.0 14.0 16.0 15.0 16.0 18.0 16.0 17.0 16.0 17.0 17.0 17.0 16.0 17.0 17.0 19.0 17.0 18.0 18.0 17.0 18.0 18.0 18.0 18.0 19.0 18.0 19.0 19.0 19.0 18.0 18.0 18.0 19.0 19.0 19.0 20.0 21.0 21.0 21.0 21.0 21.0 22.0 21.0 21.0 20.0 21.0 22.0 22.0 20.0 23.0 22.0 21.0 25.0 23.0 22.0 22.0 22.0 23.0 21.0 22.0 23.0 20.0 20.0 22.0 21.0 21.0 21.0 23.0 22.0 21.0 22.0 22.0 23.0 21.0 21.0 22.0 24.0 22.0 23.0 23.0 23.0 23.0 24.0 22.0 22.0 23.0 24.0 23.0 23.0 23.0 22.0 21.0 23.0 24.0 23.0 23.0 23.0 22.0 24.0 23.0 24.0 22.0 22.0 23.0 23.0 23.0 23.0 23.0 21.0 24.0 22.0 23.0 21.0 21.0 22.0 23.0 21.0 24.0 22.0 22.0 23.0 22.0 22.0 21.0 21.0 21.0 22.0 20.0 20.0 22.0 21.0 21.0 21.0 21.0 19.0 21.0 21.0 19.0 21.0 21.0 20.0 20.0 21.0 21.0 19.0 18.0 20.0 18.0 18.0 18.0 17.0 17.0 17.0 17.0 17.0 16.0 16.0 16.0 15.0 15.0 16.0 15.0 14.0 14.0 14.0 14.0 14.0 15.0 14.0 13.0 13.0 14.0 14.0 13.0 13.0 11.0 13.0 11.0 13.0 13.0 12.0 13.0 12.0 12.0 13.0 11.0 13.0 12.0 12.0 13.0 12.0 11.0 11.0 13.0 13.0 12.0 11.0 10.0 11.0 12.0 10.0 10.0 11.0 10.0 10.0 10.0 11.0 11.0 10.0 10.0 10.0 8.0 10.0 11.0 9.0 9.0 9.0 9.0 8.0 9.0 9.0 9.0 8.0 10.0 8.0 8.0 9.0 9.0 9.0 9.0 9.0 9.0 8.0 8.0 8.0 7.0 8.0 9.0 8.0 8.0 9.0 8.0 7.0 9.0 8.0 7.0 7.0 11.0 8.0 9.0 7.0 8.0 8.0 7.0 8.0 8.0 9.0 7.0 7.0 9.0 8.0 8.0 7.0 8.0 8.0 7.0 7.0 9.0 7.0 9.0 8.0 9.0 8.0 7.0 9.0 7.0 8.0 8.0 7.0 8.0 6.0 6.0 9.0 7.0 8.0 7.0 7.0 7.0 8.0 7.0 8.0 8.0 8.0 7.0 7.0 7.0 8.0 8.0 8.0 9.0 7.0 8.0 8.0 7.0 8.0 9.0 ,this is the second scan of the same sample
5/13/2020 16:22,VN1B-MW01-026G-D315,sample_1,4,1,600,7.0 8.0 7.0 8.0 8.0 8.0 7.0 8.0 8.0 8.0 8.0 8.0 8.0 7.0 8.0 8.0 8.0 8.0 7.0 7.0 7.0 8.0 8.0 8.0 8.0 8.0 6.0 8.0 8.0 8.0 7.0 7.0 8.0 7.0 8.0 7.0 8.0 7.0 8.0 7.0 8.0 7.0 8.0 8.0 8.0 9.0 9.0 7.0 9.0 7.0 7.0 7.0 7.0 8.0 8.0 8.0 8.0 7.0 8.0 7.0 8.0 8.0 8.0 8.0 8.0 8.0 10.0 8.0 7.0 7.0 9.0 8.0 8.0 8.0 7.0 7.0 8.0 8.0 8.0 8.0 8.0 8.0 7.0 8.0 9.0 9.0 8.0 7.0 9.0 7.0 9.0 8.0 8.0 8.0 8.0 8.0 7.0 7.0 7.0 8.0 8.0 8.0 8.0 6.0 7.0 8.0 8.0 9.0 8.0 9.0 8.0 8.0 8.0 8.0 8.0 9.0 9.0 7.0 8.0 8.0 8.0 8.0 8.0 6.0 9.0 7.0 7.0 7.0 8.0 8.0 7.0 7.0 8.0 8.0 8.0 8.0 8.0 8.0 8.0 9.0 9.0 8.0 8.0 9.0 8.0 8.0 8.0 8.0 7.0 8.0 8.0 8.0 8.0 8.0 8.0 7.0 8.0 7.0 8.0 8.0 8.0 8.0 8.0 9.0 8.0 8.0 8.0 8.0 8.0 8.0 7.0 7.0 9.0 8.0 8.0 8.0 8.0 8.0 8.0 8.0 8.0 8.0 9.0 7.0 7.0 8.0 8.0 8.0 8.0 8.0 8.0 8.0 8.0 8.0 7.0 8.0 8.0 8.0 8.0 8.0 8.0 7.0 9.0 9.0 9.0 8.0 8.0 7.0 7.0 8.0 9.0 8.0 8.0 8.0 8.0 8.0 8.0 8.0 8.0 8.0 8.0 8.0 8.0 8.0 9.0 8.0 8.0 8.0 8.0 8.0 8.0 8.0 8.0 8.0 8.0 8.0 7.0 8.0 9.0 8.0 8.0 8.0 7.0 8.0 8.0 8.0 8.0 9.0 8.0 8.0 9.0 9.0 8.0 9.0 8.0 7.0 9.0 8.0 9.0 9.0 8.0 8.0 8.0 9.0 9.0 10.0 8.0 8.0 8.0 9.0 8.0 8.0 9.0 8.0 8.0 9.0 8.0 9.0 9.0 8.0 8.0 10.0 9.0 9.0 9.0 9.0 8.0 9.0 10.0 8.0 9.0 9.0 9.0 8.0 9.0 10.0 9.0 8.0 8.0 9.0 8.0 9.0 9.0 9.0 9.0 9.0 9.0 8.0 10.0 8.0 8.0 9.0 9.0 9.0 9.0 9.0 9.0 9.0 8.0 8.0 9.0 9.0 8.0 8.0 8.0 9.0 9.0 9.0 8.0 9.0 8.0 8.0 9.0 9.0 8.0 9.0 9.0 9.0 9.0 9.0 9.0 10.0 9.0 9.0 9.0 9.0 9.0 8.0 9.0 8.0 10.0 8.0 9.0 9.0 9.0 10.0 9.0 9.0 9.0 9.0 10.0 10.0 9.0 9.0 9.0 9.0 9.0 9.0 9.0 9.0 9.0 10.0 8.0 10.0 10.0 10.0 10.0 10.0 9.0 9.0 9.0 10.0 9.0 10.0 10.0 9.0 10.0 10.0 8.0 10.0 10.0 9.0 10.0 9.0 10.0 10.0 10.0 10.0 10.0 10.0 10.0 10.0 10.0 10.0 9.0 10.0 9.0 9.0 11.0 10.0 10.0 10.0 10.0 10.0 11.0 10.0 10.0 10.0 11.0 12.0 11.0 10.0 10.0 10.0 11.0 12.0 11.0 11.0 12.0 11.0 11.0 10.0 12.0 11.0 10.0 11.0 11.0 11.0 12.0 11.0 11.0 12.0 12.0 12.0 12.0 11.0 13.0 13.0 13.0 12.0 13.0 12.0 14.0 13.0 13.0 14.0 13.0 14.0 14.0 14.0 12.0 13.0 14.0 15.0 15.0 14.0 14.0 14.0 15.0 14.0 16.0 15.0 15.0 16.0 16.0 16.0 18.0 19.0 18.0 20.0 20.0 21.0 23.0 26.0 27.0 29.0 31.0 35.0 36.0 39.0 41.0 43.0 43.0 45.0 51.0 50.0 52.0 50.0 50.0 50.0 50.0 50.0 54.0 50.0 51.0 52.0 52.0 52.0 50.0 54.0 53.0 48.0 50.0 48.0 46.0 49.0 46.0 46.0 46.0 46.0 44.0 44.0 42.0 42.0 39.0 40.0 36.0 35.0 34.0 32.0 32.0 28.0 27.0 26.0 25.0 21.0 21.0 20.0 17.0 16.0 14.0 13.0 13.0 12.0 11.0 9.0 9.0 10.0 9.0 10.0 10.0 9.0 9.0 9.0 9.0 9.0 9.0 8.0 8.0 8.0 8.0 9.0 8.0 9.0 9.0 8.0 8.0 8.0 8.0 8.0 9.0 8.0 9.0 8.0 8.0 8.0 8.0 8.0 8.0 8.0 7.0 9.0 8.0 8.0 8.0 8.0 8.0 8.0 8.0 9.0 8.0 9.0 8.0 8.0 8.0 9.0 8.0 9.0 9.0 8.0 ,this is the second scan of the same sample
5/13/2020 16:22,VN1B-MW01-026G-D315,sample_1,5,1,600,7.0 7.0 7.0 7.0 7.0 7.0 6.0 7.0 7.0 8.0 7.0 7.0 8.0 7.0 7.0 7.0 7.0 8.0 7.0 9.0 8.0 8.0 7.0 8.0 6.0 7.0 8.0 7.0 8.0 7.0 6.0 7.0 9.0 7.0 8.0 8.0 8.0 8.0 8.0 7.0 7.0 8.0 7.0 7.0 8.0 7.0 7.0 8.0 8.0 7.0 8.0 8.0 8.0 8.0 8.0 9.0 8.0 8.0 8.0 7.0 8.0 8.0 7.0 8.0 8.0 8.0 10.0 8.0 7.0 7.0 8.0 8.0 7.0 8.0 7.0 7.0 8.0 8.0 6.0 8.0 8.0 7.0 8.0 8.0 8.0 8.0 8.0 7.0 7.0 8.0 7.0 8.0 7.0 8.0 8.0 8.0 6.0 7.0 7.0 7.0 7.0 7.0 8.0 7.0 7.0 7.0 6.0 7.0 7.0 8.0 8.0 7.0 9.0 8.0 8.0 8.0 7.0 7.0 8.0 8.0 7.0 6.0 8.0 7.0 8.0 6.0 7.0 8.0 7.0 8.0 8.0 8.0 7.0 7.0 8.0 8.0 7.0 7.0 8.0 8.0 8.0 8.0 8.0 8.0 8.0 8.0 8.0 8.0 7.0 8.0 7.0 7.0 8.0 7.0 8.0 8.0 8.0 7.0 8.0 8.0 8.0 8.0 7.0 8.0 8.0 8.0 8.0 8.0 8.0 7.0 7.0 8.0 7.0 7.0 8.0 8.0 8.0 8.0 8.0 8.0 8.0 7.0 8.0 7.0 7.0 8.0 7.0 8.0 8.0 8.0 7.0 8.0 9.0 7.0 7.0 8.0 8.0 8.0 9.0 8.0 8.0 8.0 7.0 8.0 8.0 8.0 7.0 8.0 8.0 8.0 7.0 8.0 8.0 8.0 8.0 8.0 9.0 8.0 8.0 8.0 8.0 8.0 8.0 7.0 8.0 8.0 8.0 8.0 8.0 8.0 7.0 7.0 8.0 8.0 8.0 8.0 8.0 9.0 9.0 7.0 8.0 8.0 8.0 8.0 8.0 8.0 8.0 7.0 8.0 8.0 8.0 8.0 9.0 8.0 8.0 9.0 8.0 7.0 8.0 8.0 8.0 8.0 8.0 8.0 8.0 7.0 8.0 8.0 8.0 9.0 9.0 8.0 8.0 8.0 9.0 8.0 8.0 8.0 8.0 8.0 8.0 9.0 9.0 8.0 8.0 9.0 8.0 8.0 9.0 8.0 8.0 8.0 9.0 8.0 9.0 8.0 8.0 8.0 8.0 8.0 9.0 9.0 8.0 9.0 9.0 9.0 9.0 9.0 8.0 8.0 8.0 9.0 9.0 8.0 8.0 9.0 8.0 9.0 9.0 8.0 8.0 10.0 8.0 9.0 8.0 8.0 9.0 9.0 8.0 7.0 8.0 8.0 9.0 9.0 8.0 9.0 9.0 9.0 9.0 8.0 10.0 8.0 8.0 8.0 9.0 8.0 8.0 8.0 9.0 8.0 9.0 9.0 8.0 9.0 8.0 8.0 9.0 9.0 8.0 8.0 8.0 9.0 9.0 9.0 9.0 8.0 9.0 9.0 9.0 9.0 9.0 9.0 9.0 8.0 9.0 9.0 9.0 8.0 9.0 8.0 8.0 8.0 8.0 10.0 9.0 10.0 8.0 8.0 9.0 10.0 8.0 8.0 8.0 9.0 10.0 9.0 10.0 10.0 9.0 10.0 10.0 10.0 10.0 11.0 10.0 9.0 10.0 10.0 10.0 10.0 11.0 10.0 10.0 9.0 11.0 10.0 10.0 10.0 10.0 10.0 10.0 11.0 11.0 10.0 11.0 11.0 10.0 10.0 10.0 10.0 12.0 11.0 10.0 11.0 10.0 10.0 11.0 10.0 12.0 12.0 12.0 11.0 11.0 12.0 12.0 11.0 12.0 12.0 13.0 11.0 12.0 12.0 12.0 12.0 15.0 12.0 12.0 13.0 13.0 12.0 13.0 13.0 13.0 14.0 13.0 14.0 13.0 14.0 15.0 15.0 15.0 15.0 14.0 14.0 15.0 17.0 17.0 18.0 18.0 18.0 21.0 21.0 23.0 23.0 26.0 30.0 32.0 34.0 37.0 38.0 40.0 41.0 45.0 43.0 46.0 48.0 50.0 48.0 49.0 49.0 49.0 48.0 50.0 51.0 52.0 52.0 50.0 51.0 52.0 49.0 49.0 49.0 49.0 49.0 51.0 47.0 47.0 46.0 44.0 45.0 43.0 42.0 40.0 41.0 39.0 39.0 36.0 34.0 33.0 33.0 30.0 27.0 28.0 24.0 22.0 23.0 20.0 18.0 16.0 16.0 14.0 13.0 12.0 11.0 11.0 10.0 10.0 9.0 10.0 9.0 9.0 9.0 10.0 8.0 8.0 7.0 7.0 9.0 8.0 9.0 7.0 7.0 9.0 8.0 8.0 8.0 9.0 8.0 9.0 8.0 8.0 7.0 8.0 8.0 8.0 9.0 8.0 8.0 8.0 8.0 9.0 8.0 8.0 9.0 8.0 8.0 9.0 8.0 9.0 9.0 7.0 9.0 7.0 9.0 8.0 9.0 8.0 8.0 8.0 8.0 ,this is the second scan of the same sample
5/13/2020 16:22,VN1B-MW01-026G-D315,sample_1,6,1,600,7.0 8.0 8.0 8.0 7.0 7.0 8.0 7.0 8.0 7.0 8.0 9.0 8.0 7.0 8.0 9.0 7.0 8.0 8.0 8.0 8.0 8.0 8.0 8.0 7.0 7.0 7.0 8.0 6.0 8.0 8.0 6.0 8.0 8.0 8.0 8.0 8.0 7.0 8.0 8.0 7.0 7.0 7.0 7.0 7.0 8.0 8.0 7.0 8.0 8.0 8.0 8.0 9.0 7.0 9.0 8.0 7.0 9.0 8.0 8.0 8.0 7.0 8.0 7.0 8.0 8.0 10.0 8.0 7.0 8.0 7.0 9.0 7.0 8.0 7.0 8.0 7.0 7.0 9.0 7.0 7.0 7.0 8.0 7.0 8.0 8.0 8.0 9.0 8.0 8.0 8.0 8.0 9.0 8.0 8.0 8.0 8.0 8.0 8.0 8.0 9.0 8.0 8.0 8.0 8.0 8.0 8.0 9.0 8.0 8.0 9.0 7.0 8.0 8.0 8.0 8.0 7.0 8.0 8.0 8.0 8.0 8.0 8.0 8.0 8.0 7.0 8.0 9.0 8.0 8.0 8.0 7.0 8.0 8.0 8.0 8.0 7.0 7.0 8.0 8.0 8.0 8.0 8.0 7.0 9.0 8.0 7.0 8.0 8.0 8.0 7.0 8.0 8.0 8.0 9.0 8.0 7.0 8.0 6.0 9.0 8.0 8.0 8.0 8.0 7.0 8.0 7.0 9.0 9.0 9.0 9.0 9.0 9.0 8.0 8.0 8.0 8.0 7.0 9.0 9.0 8.0 8.0 8.0 8.0 8.0 8.0 8.0 8.0 8.0 8.0 8.0 8.0 8.0 8.0 7.0 8.0 8.0 8.0 8.0 9.0 8.0 8.0 9.0 8.0 7.0 8.0 8.0 7.0 8.0 8.0 8.0 9.0 8.0 8.0 8.0 8.0 9.0 10.0 9.0 8.0 8.0 8.0 8.0 9.0 8.0 8.0 8.0 8.0 8.0 9.0 8.0 8.0 10.0 8.0 8.0 9.0 9.0 9.0 8.0 8.0 8.0 8.0 8.0 8.0 9.0 8.0 9.0 9.0 7.0 8.0 9.0 8.0 8.0 9.0 8.0 8.0 8.0 8.0 8.0 8.0 8.0 9.0 10.0 8.0 8.0 8.0 9.0 8.0 9.0 8.0 8.0 9.0 8.0 8.0 9.0 8.0 9.0 9.0 8.0 9.0 9.0 9.0 9.0 9.0 8.0 8.0 8.0 7.0 9.0 9.0 8.0 8.0 10.0 9.0 8.0 9.0 8.0 9.0 8.0 9.0 8.0 9.0 8.0 9.0 9.0 10.0 8.0 8.0 8.0 9.0 9.0 9.0 8.0 8.0 8.0 8.0 10.0 9.0 9.0 7.0 8.0 8.0 8.0 9.0 9.0 7.0 9.0 8.0 8.0 9.0 8.0 8.0 8.0 8.0 9.0 9.0 8.0 9.0 8.0 8.0 9.0 10.0 10.0 8.0 11.0 8.0 9.0 9.0 8.0 9.0 9.0 9.0 9.0 10.0 9.0 9.0 11.0 8.0 10.0 9.0 9.0 9.0 8.0 9.0 9.0 9.0 8.0 10.0 8.0 8.0 10.0 10.0 9.0 9.0 9.0 9.0 8.0 10.0 9.0 9.0 9.0 9.0 10.0 10.0 9.0 10.0 10.0 8.0 9.0 9.0 10.0 10.0 10.0 9.0 9.0 10.0 10.0 10.0 11.0 8.0 10.0 9.0 10.0 9.0 10.0 10.0 11.0 10.0 9.0 9.0 10.0 9.0 11.0 10.0 10.0 10.0 11.0 10.0 10.0 10.0 10.0 10.0 11.0 10.0 11.0 11.0 10.0 10.0 12.0 11.0 10.0 11.0 11.0 12.0 11.0 11.0 11.0 12.0 11.0 11.0 11.0 11.0 12.0 12.0 12.0 12.0 12.0 12.0 12.0 11.0 13.0 12.0 13.0 14.0 13.0 13.0 13.0 12.0 14.0 14.0 14.0 15.0 13.0 15.0 15.0 14.0 15.0 15.0 16.0 16.0 15.0 15.0 16.0 15.0 16.0 18.0 18.0 18.0 18.0 20.0 21.0 21.0 24.0 26.0 26.0 28.0 32.0 33.0 36.0 38.0 40.0 42.0 43.0 43.0 45.0 47.0 49.0 50.0 50.0 50.0 49.0 51.0 52.0 50.0 50.0 52.0 51.0 52.0 52.0 51.0 52.0 50.0 48.0 46.0 47.0 48.0 47.0 45.0 45.0 42.0 45.0 43.0 42.0 40.0 38.0 40.0 37.0 35.0 34.0 32.0 30.0 28.0 27.0 24.0 24.0 22.0 20.0 17.0 17.0 17.0 13.0 13.0 11.0 11.0 11.0 10.0 11.0 10.0 10.0 9.0 9.0 9.0 10.0 8.0 9.0 9.0 9.0 10.0 10.0 9.0 8.0 9.0 9.0 9.0 10.0 8.0 9.0 9.0 9.0 9.0 9.0 9.0 8.0 9.0 10.0 8.0 9.0 8.0 8.0 8.0 8.0 8.0 8.0 9.0 8.0 8.0 8.0 8.0 8.0 9.0 8.0 9.0 9.0 7.0 9.0 9.0 8.0 8.0 9.0 8.0 ,this is the second scan of the same sample

5/13/2020 16:28,VN1B-MW01-026G-D315,sample_1,1,0,600,7.0 8.0 7.0 8.0 7.0 8.0 9.0 7.0 9.0 8.0 8.0 8.0 7.0 8.0 8.0 7.0 7.0 8.0 9.0 7.0 7.0 7.0 7.0 7.0 7.0 8.0 8.0 8.0 7.0 7.0 9.0 7.0 7.0 8.0 7.0 7.0 7.0 9.0 7.0 9.0 8.0 8.0 8.0 8.0 7.0 7.0 8.0 9.0 8.0 7.0 8.0 7.0 8.0 7.0 7.0 7.0 6.0 7.0 8.0 8.0 7.0 8.0 8.0 8.0 8.0 9.0 7.0 8.0 7.0 7.0 8.0 8.0 8.0 7.0 9.0 7.0 9.0 9.0 8.0 7.0 9.0 7.0 8.0 9.0 9.0 8.0 8.0 8.0 7.0 9.0 9.0 8.0 8.0 8.0 9.0 8.0 6.0 9.0 8.0 8.0 9.0 9.0 9.0 9.0 9.0 9.0 9.0 9.0 9.0 9.0 8.0 9.0 9.0 9.0 9.0 9.0 9.0 10.0 9.0 9.0 10.0 10.0 9.0 11.0 10.0 10.0 10.0 10.0 11.0 11.0 11.0 11.0 12.0 12.0 11.0 12.0 12.0 12.0 12.0 13.0 12.0 12.0 12.0 14.0 12.0 13.0 13.0 14.0 13.0 13.0 13.0 16.0 14.0 14.0 14.0 14.0 13.0 13.0 15.0 16.0 14.0 15.0 16.0 15.0 15.0 17.0 16.0 17.0 17.0 18.0 18.0 18.0 18.0 18.0 18.0 20.0 19.0 20.0 21.0 20.0 19.0 20.0 21.0 19.0 20.0 21.0 20.0 19.0 21.0 20.0 21.0 22.0 21.0 23.0 21.0 20.0 20.0 20.0 21.0 20.0 21.0 21.0 20.0 19.0 20.0 20.0 19.0 19.0 19.0 19.0 19.0 16.0 18.0 18.0 17.0 18.0 17.0 17.0 17.0 15.0 16.0 15.0 15.0 15.0 14.0 15.0 15.0 15.0 15.0 15.0 14.0 15.0 15.0 14.0 14.0 15.0 14.0 15.0 14.0 14.0 16.0 13.0 14.0 14.0 14.0 13.0 14.0 14.0 14.0 14.0 13.0 13.0 13.0 14.0 13.0 15.0 13.0 13.0 13.0 13.0 13.0 13.0 13.0 12.0 12.0 13.0 13.0 12.0 13.0 13.0 13.0 12.0 12.0 11.0 13.0 13.0 12.0 13.0 12.0 13.0 13.0 12.0 13.0 13.0 13.0 13.0 13.0 13.0 15.0 13.0 14.0 13.0 13.0 15.0 14.0 13.0 15.0 13.0 15.0 15.0 15.0 14.0 14.0 14.0 16.0 16.0 16.0 15.0 16.0 15.0 16.0 16.0 17.0 17.0 17.0 16.0 16.0 16.0 14.0 16.0 18.0 16.0 17.0 17.0 18.0 17.0 15.0 17.0 17.0 18.0 18.0 17.0 17.0 18.0 19.0 19.0 17.0 19.0 19.0 18.0 20.0 19.0 21.0 21.0 20.0 19.0 19.0 20.0 19.0 20.0 21.0 21.0 20.0 20.0 20.0 19.0 19.0 21.0 21.0 20.0 20.0 21.0 18.0 19.0 21.0 21.0 21.0 19.0 21.0 23.0 21.0 21.0 21.0 21.0 20.0 21.0 21.0 19.0 21.0 21.0 22.0 22.0 21.0 20.0 20.0 20.0 22.0 21.0 22.0 22.0 22.0 21.0 23.0 20.0 20.0 22.0 20.0 21.0 22.0 22.0 20.0 23.0 22.0 22.0 22.0 22.0 22.0 20.0 21.0 21.0 20.0 22.0 20.0 21.0 21.0 19.0 21.0 21.0 21.0 21.0 19.0 19.0 20.0 18.0 21.0 19.0 21.0 20.0 19.0 19.0 19.0 19.0 17.0 19.0 17.0 18.0 18.0 19.0 19.0 17.0 17.0 18.0 18.0 17.0 15.0 15.0 16.0 17.0 16.0 14.0 14.0 14.0 15.0 14.0 15.0 13.0 13.0 15.0 13.0 13.0 12.0 13.0 14.0 12.0 13.0 13.0 13.0 13.0 13.0 12.0 12.0 12.0 12.0 11.0 12.0 12.0 12.0 11.0 11.0 10.0 11.0 11.0 12.0 11.0 12.0 11.0 12.0 10.0 11.0 11.0 11.0 10.0 11.0 10.0 9.0 11.0 11.0 11.0 10.0 11.0 10.0 9.0 8.0 10.0 11.0 9.0 10.0 9.0 8.0 9.0 8.0 8.0 9.0 8.0 10.0 9.0 9.0 8.0 8.0 9.0 9.0 8.0 9.0 8.0 8.0 8.0 8.0 8.0 8.0 9.0 8.0 8.0 8.0 8.0 8.0 7.0 7.0 7.0 7.0 8.0 7.0 8.0 8.0 8.0 8.0 8.0 8.0 9.0 7.0 9.0 7.0 7.0 9.0 8.0 9.0 7.0 8.0 8.0 7.0 8.0 7.0 7.0 8.0 7.0 7.0 8.0 9.0 8.0 8.0 8.0 8.0 9.0 7.0 9.0 8.0 8.0 8.0 7.0 6.0 6.0 8.0 8.0 7.0 9.0 8.0 7.0 7.0 8.0 8.0 7.0 8.0 7.0 8.0 8.0 7.0 7.0 8.0 8.0 9.0 8.0 ,
5/13/2020 16:28,VN1B-MW01-026G-D315,sample_1,2,0,600,7.0 9.0 7.0 7.0 7.0 8.0 7.0 8.0 7.0 8.0 8.0 7.0 7.0 8.0 10.0 8.0 7.0 8.0 9.0 8.0 8.0 8.0 7.0 6.0 7.0 8.0 8.0 7.0 7.0 7.0 8.0 7.0 7.0 7.0 7.0 8.0 8.0 8.0 7.0 6.0 8.0 8.0 7.0 7.0 7.0 7.0 7.0 7.0 7.0 8.0 8.0 7.0 8.0 8.0 7.0 7.0 9.0 7.0 7.0 8.0 7.0 7.0 9.0 8.0 8.0 9.0 7.0 8.0 8.0 8.0 7.0 9.0 7.0 7.0 8.0 8.0 8.0 8.0 8.0 8.0 8.0 8.0 7.0 8.0 8.0 8.0 8.0 9.0 7.0 8.0 8.0 8.0 8.0 8.0 9.0 8.0 7.0 8.0 9.0 8.0 8.0 8.0 8.0 8.0 7.0 8.0 9.0 8.0 10.0 9.0 9.0 9.0 8.0 9.0 9.0 9.0 9.0 10.0 10.0 8.0 10.0 10.0 10.0 10.0 10.0 10.0 10.0 10.0 9.0 11.0 11.0 11.0 11.0 11.0 11.0 11.0 12.0 12.0 11.0 10.0 12.0 13.0 12.0 13.0 13.0 13.0 13.0 14.0 13.0 13.0 13.0 13.0 12.0 14.0 14.0 15.0 15.0 15.0 15.0 17.0 15.0 16.0 15.0 16.0 16.0 16.0 15.0 16.0 16.0 17.0 18.0 19.0 18.0 18.0 19.0 19.0 19.0 18.0 20.0 19.0 19.0 21.0 19.0 21.0 21.0 21.0 21.0 21.0 21.0 21.0 21.0 21.0 21.0 21.0 21.0 20.0 20.0 22.0 23.0 20.0 20.0 19.0 20.0 19.0 18.0 19.0 19.0 19.0 21.0 18.0 17.0 18.0 18.0 19.0 17.0 17.0 16.0 17.0 15.0 17.0 16.0 16.0 15.0 17.0 15.0 17.0 16.0 15.0 15.0 15.0 14.0 15.0 14.0 15.0 15.0 14.0 15.0 13.0 13.0 14.0 13.0 13.0 14.0 15.0 14.0 13.0 13.0 14.0 15.0 12.0 12.0 13.0 12.0 12.0 13.0 15.0 13.0 12.0 12.0 13.0 11.0 11.0 12.0 14.0 12.0 13.0 12.0 15.0 13.0 13.0 13.0 13.0 13.0 13.0 13.0 11.0 13.0 12.0 14.0 13.0 13.0 13.0 13.0 12.0 13.0 13.0 13.0 12.0 14.0 12.0 13.0 13.0 13.0 14.0 14.0 14.0 13.0 14.0 14.0 14.0 15.0 15.0 15.0 13.0 15.0 15.0 13.0 15.0 15.0 16.0 16.0 16.0 17.0 15.0 18.0 16.0 17.0 16.0 16.0 16.0 18.0 18.0 17.0 16.0 17.0 18.0 18.0 17.0 18.0 17.0 17.0 17.0 18.0 18.0 19.0 18.0 19.0 18.0 21.0 18.0 20.0 18.0 19.0 21.0 19.0 21.0 19.0 21.0 21.0 19.0 19.0 21.0 21.0 21.0 21.0 20.0 20.0 20.0 21.0 21.0 21.0 21.0 21.0 21.0 21.0 20.0 21.0 21.0 21.0 20.0 21.0 21.0 21.0 23.0 21.0 20.0 22.0 22.0 23.0 21.0 22.0 23.0 23.0 22.0 22.0 23.0 23.0 23.0 21.0 21.0 23.0 21.0 22.0 22.0 23.0 22.0 22.0 21.0 23.0 23.0 21.0 22.0 23.0 22.0 21.0 23.0 22.0 21.0 23.0 21.0 23.0 21.0 20.0 20.0 21.0 21.0 21.0 22.0 21.0 19.0 20.0 20.0 19.0 20.0 20.0 20.0 19.0 21.0 19.0 20.0 18.0 19.0 19.0 19.0 18.0 18.0 18.0 18.0 16.0 19.0 18.0 19.0 17.0 17.0 17.0 17.0 17.0 17.0 16.0 14.0 15.0 14.0 15.0 16.0 13.0 15.0 14.0 14.0 14.0 13.0 13.0 14.0 14.0 14.0 13.0 13.0 13.0 12.0 12.0 11.0 12.0 11.0 12.0 12.0 12.0 11.0 10.0 12.0 12.0 11.0 10.0 11.0 11.0 12.0 13.0 12.0 11.0 11.0 12.0 12.0 12.0 11.0 11.0 10.0 10.0 10.0 10.0 10.0 9.0 11.0 10.0 10.0 9.0 9.0 11.0 9.0 9.0 9.0 10.0 9.0 9.0 9.0 8.0 8.0 7.0 9.0 7.0 9.0 9.0 9.0 9.0 9.0 8.0 7.0 9.0 8.0 8.0 8.0 8.0 7.0 9.0 9.0 8.0 7.0 8.0 7.0 8.0 8.0 8.0 8.0 8.0 9.0 7.0 8.0 8.0 8.0 7.0 7.0 7.0 7.0 7.0 8.0 8.0 7.0 8.0 8.0 7.0 8.0 7.0 7.0 7.0 8.0 8.0 9.0 8.0 8.0 8.0 7.0 7.0 8.0 8.0 9.0 7.0 8.0 8.0 8.0 8.0 7.0 8.0 8.0 8.0 7.0 7.0 7.0 7.0 8.0 7.0 7.0 8.0 8.0 8.0 7.0 8.0 8.0 8.0 8.0 7.0 9.0 7.0 7.0 , 
5/13/2020 16:28,VN1B-MW01-026G-D315,sample_1,3,0,600,7.0 8.0 7.0 7.0 7.0 7.0 8.0 8.0 7.0 7.0 7.0 7.0 9.0 8.0 8.0 8.0 7.0 8.0 8.0 8.0 7.0 7.0 7.0 8.0 8.0 8.0 6.0 7.0 7.0 7.0 8.0 7.0 9.0 7.0 8.0 7.0 7.0 7.0 7.0 7.0 7.0 6.0 7.0 7.0 7.0 7.0 7.0 7.0 7.0 8.0 7.0 7.0 7.0 7.0 7.0 7.0 7.0 8.0 8.0 6.0 8.0 8.0 9.0 8.0 8.0 9.0 7.0 6.0 8.0 7.0 7.0 8.0 7.0 7.0 8.0 8.0 8.0 8.0 8.0 8.0 8.0 8.0 8.0 8.0 9.0 7.0 7.0 8.0 8.0 9.0 8.0 9.0 8.0 9.0 7.0 8.0 9.0 8.0 7.0 8.0 8.0 7.0 8.0 9.0 9.0 8.0 9.0 10.0 9.0 8.0 8.0 10.0 9.0 7.0 9.0 9.0 10.0 9.0 9.0 9.0 10.0 10.0 10.0 9.0 10.0 10.0 9.0 9.0 10.0 10.0 11.0 10.0 9.0 10.0 11.0 13.0 12.0 13.0 11.0 12.0 12.0 10.0 11.0 12.0 11.0 13.0 11.0 13.0 13.0 13.0 13.0 14.0 14.0 13.0 14.0 13.0 14.0 14.0 15.0 14.0 15.0 15.0 16.0 15.0 16.0 18.0 16.0 17.0 17.0 19.0 17.0 18.0 18.0 18.0 19.0 18.0 19.0 19.0 18.0 20.0 20.0 20.0 20.0 21.0 20.0 22.0 22.0 20.0 22.0 20.0 22.0 21.0 21.0 21.0 20.0 20.0 19.0 21.0 22.0 20.0 20.0 20.0 20.0 20.0 20.0 18.0 18.0 19.0 18.0 18.0 17.0 17.0 17.0 17.0 17.0 17.0 17.0 17.0 17.0 16.0 16.0 17.0 16.0 16.0 15.0 16.0 15.0 15.0 14.0 14.0 15.0 15.0 14.0 15.0 14.0 14.0 13.0 15.0 13.0 13.0 14.0 15.0 14.0 13.0 14.0 14.0 13.0 13.0 12.0 12.0 14.0 13.0 13.0 13.0 14.0 14.0 13.0 13.0 14.0 12.0 12.0 12.0 13.0 13.0 13.0 13.0 12.0 12.0 11.0 13.0 12.0 12.0 13.0 14.0 13.0 13.0 13.0 13.0 12.0 13.0 13.0 13.0 13.0 13.0 12.0 14.0 14.0 14.0 13.0 13.0 13.0 15.0 13.0 15.0 13.0 15.0 15.0 13.0 13.0 15.0 15.0 13.0 15.0 15.0 15.0 15.0 14.0 16.0 16.0 15.0 17.0 16.0 17.0 16.0 17.0 17.0 16.0 16.0 16.0 16.0 16.0 18.0 17.0 17.0 15.0 17.0 18.0 17.0 17.0 18.0 16.0 18.0 17.0 19.0 19.0 19.0 19.0 19.0 19.0 19.0 20.0 20.0 20.0 20.0 21.0 20.0 20.0 19.0 19.0 20.0 20.0 21.0 20.0 19.0 21.0 21.0 21.0 21.0 20.0 19.0 21.0 19.0 20.0 20.0 20.0 20.0 20.0 21.0 21.0 21.0 21.0 22.0 21.0 20.0 21.0 22.0 23.0 22.0 21.0 21.0 23.0 23.0 22.0 22.0 23.0 23.0 21.0 21.0 22.0 22.0 21.0 22.0 22.0 21.0 21.0 23.0 23.0 20.0 21.0 23.0 20.0 21.0 24.0 23.0 21.0 23.0 22.0 20.0 20.0 21.0 22.0 21.0 21.0 21.0 22.0 22.0 21.0 21.0 21.0 21.0 19.0 19.0 19.0 19.0 20.0 19.0 20.0 19.0 19.0 21.0 19.0 19.0 19.0 17.0 17.0 19.0 18.0 19.0 18.0 17.0 18.0 17.0 17.0 17.0 18.0 16.0 15.0 17.0 15.0 16.0 14.0 15.0 14.0 16.0 14.0 14.0 15.0 14.0 13.0 15.0 13.0 13.0 12.0 12.0 14.0 11.0 12.0 12.0 11.0 11.0 11.0 11.0 12.0 12.0 11.0 12.0 11.0 11.0 12.0 11.0 11.0 11.0 11.0 11.0 11.0 11.0 11.0 10.0 11.0 11.0 10.0 10.0 10.0 10.0 10.0 10.0 9.0 10.0 10.0 9.0 9.0 9.0 9.0 9.0 9.0 8.0 9.0 10.0 8.0 9.0 8.0 8.0 8.0 9.0 9.0 8.0 8.0 8.0 8.0 8.0 9.0 8.0 9.0 8.0 7.0 9.0 8.0 8.0 8.0 8.0 7.0 7.0 7.0 7.0 7.0 9.0 8.0 7.0 9.0 7.0 8.0 9.0 8.0 8.0 8.0 7.0 7.0 9.0 8.0 7.0 7.0 7.0 7.0 7.0 8.0 9.0 8.0 8.0 7.0 9.0 6.0 8.0 6.0 8.0 8.0 7.0 8.0 8.0 7.0 7.0 7.0 8.0 8.0 7.0 7.0 8.0 8.0 7.0 7.0 7.0 7.0 7.0 7.0 7.0 7.0 7.0 8.0 7.0 7.0 8.0 8.0 7.0 8.0 8.0 8.0 8.0 8.0 7.0 9.0 7.0 , 
5/13/2020 16:28,VN1B-MW01-026G-D315,sample_1,4,1,600,8.0 7.0 7.0 8.0 7.0 7.0 8.0 8.0 7.0 7.0 7.0 8.0 7.0 7.0 7.0 8.0 7.0 7.0 7.0 7.0 7.0 6.0 8.0 7.0 7.0 6.0 6.0 7.0 8.0 6.0 8.0 7.0 6.0 7.0 7.0 7.0 7.0 7.0 6.0 7.0 8.0 7.0 9.0 7.0 7.0 7.0 8.0 7.0 7.0 8.0 8.0 8.0 8.0 7.0 6.0 8.0 7.0 7.0 7.0 6.0 8.0 7.0 7.0 8.0 8.0 8.0 8.0 7.0 8.0 6.0 8.0 8.0 7.0 7.0 7.0 7.0 8.0 7.0 6.0 7.0 7.0 7.0 7.0 8.0 8.0 8.0 7.0 7.0 8.0 7.0 7.0 8.0 8.0 7.0 7.0 7.0 7.0 8.0 7.0 7.0 8.0 7.0 7.0 7.0 7.0 6.0 7.0 8.0 8.0 7.0 7.0 8.0 8.0 8.0 7.0 8.0 8.0 6.0 7.0 8.0 7.0 6.0 8.0 8.0 8.0 7.0 6.0 8.0 7.0 7.0 7.0 7.0 7.0 8.0 8.0 8.0 8.0 7.0 8.0 8.0 8.0 8.0 8.0 8.0 8.0 8.0 9.0 7.0 8.0 8.0 7.0 8.0 8.0 9.0 8.0 8.0 7.0 6.0 8.0 8.0 8.0 8.0 8.0 8.0 8.0 8.0 8.0 8.0 7.0 8.0 8.0 9.0 8.0 7.0 8.0 8.0 8.0 8.0 7.0 8.0 8.0 8.0 8.0 9.0 7.0 7.0 7.0 7.0 7.0 7.0 8.0 8.0 8.0 8.0 8.0 8.0 8.0 7.0 7.0 7.0 7.0 8.0 7.0 8.0 8.0 8.0 8.0 8.0 7.0 8.0 8.0 8.0 7.0 8.0 8.0 8.0 8.0 7.0 8.0 8.0 8.0 9.0 8.0 7.0 8.0 9.0 6.0 8.0 7.0 8.0 7.0 8.0 8.0 8.0 8.0 8.0 8.0 9.0 8.0 9.0 8.0 8.0 7.0 8.0 8.0 8.0 8.0 8.0 8.0 7.0 8.0 8.0 8.0 8.0 7.0 9.0 9.0 7.0 8.0 8.0 8.0 9.0 8.0 9.0 8.0 8.0 8.0 8.0 9.0 8.0 8.0 8.0 8.0 10.0 7.0 7.0 8.0 8.0 7.0 8.0 8.0 9.0 8.0 8.0 7.0 8.0 8.0 8.0 8.0 8.0 8.0 8.0 8.0 8.0 9.0 8.0 9.0 9.0 9.0 8.0 8.0 9.0 9.0 9.0 9.0 7.0 8.0 9.0 8.0 8.0 10.0 8.0 8.0 8.0 8.0 10.0 8.0 8.0 8.0 8.0 9.0 8.0 9.0 8.0 8.0 8.0 8.0 7.0 9.0 8.0 9.0 9.0 7.0 8.0 8.0 8.0 8.0 8.0 8.0 8.0 9.0 9.0 8.0 9.0 9.0 8.0 8.0 9.0 8.0 9.0 8.0 8.0 9.0 8.0 8.0 11.0 10.0 8.0 9.0 8.0 8.0 10.0 8.0 8.0 8.0 10.0 9.0 8.0 9.0 8.0 8.0 9.0 9.0 8.0 10.0 10.0 8.0 8.0 8.0 10.0 9.0 9.0 9.0 9.0 9.0 9.0 9.0 9.0 9.0 9.0 9.0 9.0 9.0 9.0 9.0 8.0 10.0 8.0 9.0 8.0 10.0 9.0 9.0 9.0 11.0 9.0 10.0 9.0 9.0 10.0 10.0 9.0 11.0 11.0 10.0 10.0 9.0 10.0 10.0 10.0 10.0 10.0 11.0 9.0 10.0 10.0 10.0 11.0 11.0 9.0 11.0 11.0 12.0 11.0 11.0 12.0 11.0 12.0 10.0 11.0 11.0 10.0 12.0 12.0 12.0 11.0 11.0 12.0 12.0 12.0 12.0 11.0 12.0 13.0 12.0 12.0 12.0 14.0 14.0 13.0 13.0 14.0 14.0 14.0 15.0 14.0 14.0 14.0 16.0 15.0 16.0 14.0 15.0 17.0 16.0 17.0 19.0 18.0 20.0 19.0 21.0 21.0 22.0 24.0 25.0 27.0 29.0 33.0 37.0 37.0 38.0 40.0 43.0 44.0 46.0 44.0 47.0 46.0 45.0 48.0 48.0 48.0 50.0 48.0 50.0 50.0 49.0 51.0 47.0 49.0 50.0 47.0 46.0 46.0 47.0 45.0 43.0 44.0 44.0 44.0 44.0 42.0 39.0 40.0 38.0 36.0 34.0 35.0 33.0 32.0 28.0 27.0 25.0 24.0 23.0 21.0 19.0 18.0 14.0 14.0 13.0 12.0 12.0 10.0 10.0 10.0 10.0 9.0 10.0 9.0 8.0 9.0 9.0 7.0 8.0 9.0 7.0 8.0 8.0 8.0 8.0 8.0 8.0 8.0 9.0 9.0 9.0 9.0 7.0 8.0 8.0 8.0 7.0 8.0 9.0 8.0 8.0 8.0 8.0 8.0 9.0 8.0 9.0 8.0 8.0 8.0 9.0 7.0 9.0 7.0 8.0 8.0 8.0 8.0 7.0 7.0 8.0 7.0 8.0 8.0 , 
5/13/2020 16:28,VN1B-MW01-026G-D315,sample_1,5,1,600,8.0 9.0 7.0 8.0 8.0 8.0 8.0 8.0 7.0 7.0 7.0 7.0 8.0 7.0 7.0 8.0 8.0 7.0 7.0 8.0 8.0 9.0 8.0 7.0 8.0 8.0 8.0 8.0 7.0 7.0 6.0 8.0 7.0 8.0 8.0 7.0 8.0 8.0 6.0 7.0 8.0 8.0 8.0 8.0 8.0 7.0 8.0 7.0 7.0 8.0 7.0 8.0 8.0 8.0 8.0 8.0 7.0 7.0 8.0 8.0 8.0 7.0 8.0 7.0 8.0 7.0 9.0 7.0 8.0 7.0 8.0 9.0 7.0 7.0 8.0 8.0 8.0 8.0 8.0 8.0 8.0 8.0 7.0 7.0 8.0 8.0 8.0 6.0 7.0 8.0 8.0 8.0 8.0 8.0 8.0 8.0 8.0 9.0 7.0 7.0 8.0 9.0 7.0 8.0 8.0 7.0 7.0 8.0 8.0 8.0 8.0 8.0 7.0 8.0 7.0 7.0 7.0 6.0 8.0 8.0 7.0 7.0 8.0 7.0 7.0 7.0 7.0 7.0 8.0 8.0 8.0 8.0 7.0 8.0 8.0 8.0 8.0 7.0 8.0 8.0 8.0 8.0 8.0 9.0 8.0 7.0 8.0 7.0 8.0 9.0 8.0 8.0 7.0 8.0 8.0 8.0 8.0 8.0 8.0 8.0 8.0 8.0 7.0 7.0 8.0 8.0 9.0 8.0 7.0 8.0 7.0 9.0 7.0 8.0 7.0 8.0 8.0 7.0 8.0 8.0 8.0 8.0 7.0 7.0 9.0 7.0 8.0 8.0 9.0 7.0 7.0 8.0 8.0 8.0 8.0 8.0 8.0 8.0 8.0 8.0 8.0 8.0 8.0 8.0 8.0 8.0 8.0 8.0 8.0 8.0 9.0 8.0 8.0 8.0 8.0 9.0 7.0 8.0 9.0 9.0 9.0 8.0 9.0 8.0 8.0 8.0 8.0 8.0 8.0 9.0 10.0 8.0 8.0 8.0 8.0 8.0 8.0 8.0 9.0 8.0 8.0 8.0 8.0 8.0 8.0 8.0 8.0 9.0 9.0 7.0 8.0 8.0 8.0 8.0 8.0 8.0 9.0 7.0 8.0 8.0 8.0 8.0 8.0 8.0 8.0 8.0 8.0 9.0 8.0 8.0 8.0 8.0 9.0 8.0 8.0 8.0 8.0 8.0 9.0 9.0 7.0 8.0 8.0 9.0 8.0 8.0 8.0 8.0 8.0 9.0 8.0 8.0 8.0 7.0 8.0 8.0 9.0 9.0 8.0 8.0 9.0 8.0 8.0 9.0 7.0 8.0 10.0 8.0 8.0 8.0 8.0 7.0 8.0 8.0 8.0 9.0 8.0 8.0 8.0 10.0 8.0 8.0 9.0 9.0 9.0 8.0 9.0 9.0 8.0 9.0 9.0 8.0 9.0 8.0 9.0 8.0 9.0 8.0 7.0 8.0 9.0 8.0 8.0 10.0 9.0 9.0 10.0 9.0 9.0 9.0 9.0 9.0 9.0 9.0 8.0 8.0 9.0 8.0 8.0 8.0 9.0 8.0 9.0 9.0 9.0 9.0 8.0 10.0 8.0 9.0 8.0 10.0 8.0 10.0 9.0 8.0 10.0 9.0 10.0 10.0 9.0 9.0 9.0 9.0 9.0 10.0 9.0 9.0 9.0 9.0 9.0 9.0 10.0 10.0 10.0 10.0 9.0 10.0 9.0 10.0 10.0 10.0 10.0 10.0 9.0 9.0 10.0 10.0 10.0 10.0 10.0 9.0 10.0 10.0 10.0 10.0 11.0 10.0 11.0 10.0 10.0 10.0 11.0 11.0 11.0 10.0 10.0 11.0 10.0 10.0 12.0 11.0 10.0 11.0 11.0 11.0 11.0 13.0 12.0 12.0 11.0 10.0 13.0 13.0 13.0 13.0 13.0 12.0 13.0 11.0 12.0 12.0 14.0 13.0 13.0 13.0 13.0 14.0 13.0 13.0 14.0 15.0 14.0 14.0 14.0 14.0 14.0 15.0 14.0 14.0 15.0 16.0 16.0 17.0 17.0 16.0 18.0 19.0 19.0 19.0 21.0 21.0 23.0 25.0 25.0 28.0 30.0 32.0 37.0 37.0 39.0 42.0 42.0 44.0 45.0 44.0 48.0 48.0 50.0 49.0 48.0 49.0 49.0 50.0 51.0 49.0 47.0 50.0 50.0 50.0 48.0 49.0 47.0 46.0 49.0 44.0 47.0 43.0 44.0 44.0 42.0 40.0 40.0 39.0 37.0 36.0 34.0 34.0 33.0 32.0 29.0 27.0 27.0 24.0 22.0 20.0 20.0 18.0 17.0 15.0 14.0 12.0 12.0 12.0 10.0 10.0 10.0 10.0 9.0 9.0 8.0 8.0 10.0 8.0 9.0 9.0 8.0 9.0 9.0 9.0 8.0 9.0 8.0 8.0 9.0 8.0 8.0 9.0 9.0 8.0 9.0 8.0 8.0 8.0 8.0 8.0 9.0 8.0 8.0 8.0 8.0 8.0 8.0 8.0 7.0 7.0 8.0 8.0 9.0 8.0 8.0 8.0 8.0 8.0 8.0 8.0 8.0 9.0 8.0 8.0 , 
5/13/2020 16:28,VN1B-MW01-026G-D315,sample_1,6,1,600,8.0 8.0 8.0 8.0 9.0 8.0 8.0 8.0 8.0 8.0 8.0 8.0 8.0 7.0 7.0 8.0 8.0 8.0 8.0 9.0 8.0 8.0 8.0 9.0 8.0 8.0 7.0 7.0 7.0 7.0 7.0 8.0 7.0 7.0 8.0 8.0 8.0 8.0 8.0 7.0 7.0 8.0 7.0 7.0 8.0 7.0 8.0 8.0 8.0 8.0 8.0 8.0 8.0 9.0 8.0 7.0 8.0 8.0 7.0 9.0 8.0 8.0 7.0 8.0 8.0 8.0 9.0 8.0 7.0 7.0 8.0 9.0 8.0 8.0 8.0 8.0 7.0 7.0 8.0 8.0 8.0 8.0 8.0 8.0 8.0 8.0 8.0 8.0 8.0 8.0 8.0 7.0 8.0 7.0 8.0 8.0 8.0 8.0 8.0 8.0 7.0 8.0 8.0 8.0 8.0 8.0 8.0 8.0 8.0 8.0 8.0 9.0 8.0 8.0 9.0 8.0 8.0 9.0 9.0 9.0 9.0 8.0 8.0 8.0 8.0 9.0 8.0 8.0 8.0 8.0 8.0 8.0 7.0 8.0 8.0 7.0 7.0 8.0 8.0 8.0 9.0 8.0 8.0 8.0 8.0 8.0 8.0 9.0 8.0 8.0 8.0 7.0 9.0 8.0 8.0 8.0 8.0 8.0 8.0 7.0 8.0 8.0 9.0 8.0 8.0 8.0 9.0 8.0 8.0 8.0 8.0 9.0 8.0 8.0 9.0 10.0 8.0 8.0 8.0 8.0 9.0 9.0 8.0 8.0 9.0 8.0 8.0 8.0 8.0 8.0 8.0 8.0 9.0 8.0 7.0 9.0 8.0 8.0 8.0 8.0 9.0 8.0 9.0 7.0 8.0 9.0 8.0 8.0 8.0 8.0 8.0 8.0 8.0 8.0 8.0 8.0 9.0 8.0 8.0 8.0 8.0 8.0 9.0 9.0 9.0 8.0 8.0 8.0 8.0 8.0 8.0 7.0 9.0 9.0 8.0 8.0 8.0 8.0 8.0 8.0 8.0 8.0 9.0 9.0 8.0 8.0 8.0 8.0 8.0 9.0 8.0 9.0 9.0 9.0 7.0 9.0 8.0 8.0 8.0 8.0 8.0 8.0 8.0 8.0 7.0 9.0 8.0 8.0 8.0 8.0 9.0 9.0 8.0 8.0 8.0 8.0 8.0 8.0 9.0 8.0 8.0 8.0 9.0 7.0 9.0 9.0 8.0 7.0 9.0 9.0 8.0 8.0 9.0 8.0 9.0 9.0 10.0 10.0 9.0 8.0 8.0 10.0 8.0 8.0 8.0 9.0 8.0 8.0 8.0 8.0 10.0 10.0 9.0 9.0 8.0 8.0 8.0 8.0 9.0 9.0 9.0 9.0 9.0 9.0 9.0 8.0 9.0 10.0 8.0 8.0 9.0 9.0 9.0 9.0 10.0 9.0 9.0 10.0 9.0 8.0 9.0 9.0 10.0 9.0 8.0 8.0 10.0 10.0 9.0 9.0 9.0 9.0 10.0 8.0 9.0 8.0 8.0 8.0 10.0 9.0 8.0 9.0 10.0 9.0 10.0 10.0 9.0 9.0 9.0 9.0 9.0 10.0 9.0 8.0 10.0 10.0 9.0 10.0 10.0 9.0 9.0 10.0 8.0 8.0 9.0 10.0 9.0 10.0 8.0 10.0 9.0 10.0 10.0 10.0 9.0 10.0 10.0 8.0 10.0 9.0 9.0 10.0 10.0 10.0 10.0 10.0 11.0 11.0 11.0 10.0 11.0 10.0 10.0 11.0 10.0 11.0 11.0 10.0 11.0 10.0 10.0 11.0 11.0 11.0 11.0 10.0 11.0 10.0 11.0 12.0 11.0 11.0 11.0 11.0 12.0 11.0 11.0 12.0 12.0 12.0 12.0 12.0 13.0 13.0 12.0 12.0 12.0 12.0 13.0 13.0 13.0 13.0 13.0 13.0 13.0 14.0 14.0 13.0 13.0 14.0 14.0 14.0 16.0 15.0 13.0 15.0 15.0 15.0 16.0 14.0 16.0 15.0 15.0 17.0 17.0 18.0 17.0 19.0 19.0 21.0 20.0 23.0 23.0 24.0 26.0 28.0 32.0 33.0 35.0 38.0 39.0 42.0 42.0 42.0 44.0 47.0 48.0 48.0 48.0 50.0 48.0 50.0 48.0 50.0 50.0 50.0 49.0 52.0 51.0 49.0 48.0 49.0 47.0 50.0 46.0 46.0 45.0 44.0 43.0 43.0 43.0 43.0 41.0 39.0 37.0 36.0 37.0 33.0 32.0 31.0 29.0 29.0 26.0 24.0 22.0 21.0 20.0 18.0 16.0 15.0 14.0 13.0 12.0 12.0 10.0 10.0 10.0 10.0 10.0 10.0 9.0 9.0 9.0 9.0 9.0 9.0 9.0 9.0 10.0 9.0 9.0 9.0 9.0 8.0 10.0 9.0 9.0 9.0 9.0 9.0 8.0 8.0 9.0 9.0 9.0 8.0 8.0 9.0 9.0 9.0 9.0 8.0 8.0 8.0 9.0 8.0 9.0 8.0 8.0 8.0 9.0 8.0 9.0 8.0 9.0 9.0 8.0 8.0 9.0 9.0 , 

5/13/2020 16:28,VN1B-MW01-026G-D315,sample_2,1,0,600,7.0 7.0 8.0 7.0 7.0 7.0 7.0 7.0 6.0 7.0 7.0 6.0 7.0 7.0 7.0 7.0 8.0 8.0 8.0 7.0 7.0 7.0 9.0 8.0 6.0 6.0 6.0 6.0 7.0 7.0 8.0 8.0 7.0 7.0 7.0 7.0 7.0 8.0 8.0 6.0 6.0 7.0 8.0 6.0 7.0 9.0 8.0 6.0 7.0 7.0 8.0 7.0 7.0 8.0 7.0 8.0 7.0 8.0 7.0 7.0 7.0 7.0 8.0 9.0 8.0 10.0 7.0 7.0 7.0 8.0 8.0 8.0 8.0 8.0 7.0 7.0 7.0 8.0 8.0 8.0 7.0 7.0 9.0 9.0 9.0 7.0 7.0 8.0 8.0 9.0 10.0 9.0 9.0 8.0 8.0 9.0 8.0 7.0 9.0 9.0 9.0 9.0 10.0 9.0 10.0 10.0 9.0 9.0 9.0 11.0 11.0 10.0 9.0 11.0 10.0 10.0 9.0 10.0 10.0 11.0 11.0 12.0 12.0 11.0 12.0 12.0 13.0 13.0 13.0 13.0 13.0 13.0 14.0 14.0 13.0 13.0 15.0 15.0 15.0 15.0 16.0 16.0 16.0 16.0 16.0 18.0 17.0 19.0 18.0 18.0 19.0 19.0 20.0 20.0 19.0 19.0 20.0 19.0 21.0 21.0 21.0 21.0 23.0 22.0 24.0 25.0 23.0 25.0 25.0 27.0 25.0 26.0 27.0 28.0 28.0 31.0 29.0 29.0 30.0 31.0 31.0 29.0 31.0 31.0 32.0 30.0 33.0 33.0 33.0 32.0 32.0 31.0 35.0 34.0 34.0 30.0 33.0 31.0 32.0 32.0 32.0 31.0 30.0 32.0 31.0 32.0 30.0 29.0 29.0 28.0 27.0 29.0 26.0 28.0 28.0 26.0 26.0 25.0 26.0 26.0 25.0 24.0 23.0 24.0 24.0 23.0 23.0 22.0 23.0 23.0 22.0 23.0 22.0 20.0 22.0 24.0 22.0 23.0 21.0 22.0 22.0 23.0 21.0 20.0 21.0 20.0 20.0 20.0 21.0 19.0 19.0 21.0 20.0 19.0 20.0 22.0 21.0 19.0 19.0 20.0 19.0 20.0 18.0 21.0 20.0 20.0 19.0 21.0 21.0 21.0 20.0 20.0 20.0 21.0 22.0 21.0 21.0 20.0 20.0 23.0 21.0 21.0 22.0 24.0 23.0 23.0 23.0 26.0 24.0 26.0 25.0 27.0 27.0 28.0 28.0 30.0 30.0 30.0 32.0 32.0 32.0 31.0 34.0 35.0 33.0 35.0 36.0 38.0 37.0 38.0 41.0 39.0 40.0 41.0 44.0 44.0 44.0 46.0 47.0 47.0 50.0 48.0 52.0 48.0 51.0 54.0 54.0 54.0 52.0 58.0 57.0 59.0 59.0 60.0 63.0 62.0 65.0 67.0 67.0 71.0 71.0 72.0 72.0 74.0 77.0 76.0 78.0 82.0 80.0 79.0 77.0 81.0 83.0 83.0 84.0 84.0 85.0 84.0 87.0 87.0 89.0 91.0 87.0 90.0 93.0 91.0 91.0 95.0 96.0 97.0 97.0 99.0 98.0 100.0 100.0 104.0 104.0 101.0 105.0 105.0 106.0 108.0 106.0 108.0 106.0 106.0 103.0 107.0 106.0 104.0 105.0 106.0 104.0 101.0 105.0 104.0 106.0 107.0 109.0 112.0 106.0 109.0 110.0 105.0 105.0 106.0 109.0 108.0 108.0 112.0 109.0 109.0 103.0 107.0 110.0 108.0 110.0 106.0 103.0 101.0 98.0 97.0 96.0 94.0 93.0 95.0 91.0 90.0 91.0 93.0 92.0 95.0 93.0 91.0 87.0 89.0 87.0 85.0 85.0 81.0 80.0 81.0 74.0 72.0 72.0 69.0 71.0 69.0 64.0 63.0 60.0 58.0 57.0 55.0 52.0 53.0 51.0 51.0 50.0 47.0 48.0 46.0 44.0 45.0 43.0 41.0 41.0 38.0 35.0 34.0 32.0 32.0 32.0 31.0 31.0 30.0 27.0 27.0 25.0 27.0 25.0 25.0 24.0 22.0 21.0 21.0 21.0 19.0 17.0 17.0 16.0 16.0 16.0 15.0 15.0 14.0 14.0 13.0 14.0 13.0 13.0 13.0 11.0 11.0 11.0 12.0 10.0 11.0 10.0 11.0 9.0 9.0 10.0 9.0 9.0 10.0 10.0 10.0 10.0 10.0 10.0 8.0 9.0 9.0 9.0 9.0 7.0 9.0 9.0 9.0 8.0 7.0 7.0 8.0 8.0 8.0 9.0 8.0 7.0 9.0 7.0 8.0 8.0 7.0 8.0 8.0 8.0 8.0 8.0 7.0 8.0 7.0 7.0 7.0 8.0 7.0 7.0 7.0 8.0 7.0 8.0 7.0 7.0 7.0 8.0 8.0 8.0 8.0 7.0 8.0 7.0 7.0 7.0 7.0 7.0 7.0 7.0 8.0 8.0 6.0 7.0 8.0 6.0 7.0 8.0 7.0 7.0 7.0 7.0 7.0 8.0 7.0 8.0 8.0 7.0 6.0 8.0 7.0 9.0 7.0 ,
5/13/2020 16:28,VN1B-MW01-026G-D315,sample_2,2,0,600,7.0 7.0 7.0 7.0 7.0 7.0 7.0 7.0 9.0 8.0 7.0 7.0 7.0 9.0 9.0 8.0 8.0 8.0 9.0 8.0 7.0 7.0 7.0 7.0 7.0 7.0 7.0 7.0 8.0 7.0 7.0 8.0 8.0 7.0 6.0 6.0 7.0 8.0 7.0 7.0 7.0 7.0 7.0 7.0 8.0 7.0 8.0 8.0 8.0 8.0 8.0 9.0 7.0 8.0 9.0 8.0 8.0 7.0 9.0 8.0 8.0 8.0 10.0 9.0 7.0 9.0 7.0 9.0 8.0 8.0 8.0 9.0 9.0 8.0 9.0 8.0 9.0 8.0 9.0 8.0 8.0 8.0 8.0 9.0 10.0 9.0 9.0 9.0 9.0 9.0 9.0 9.0 8.0 9.0 9.0 9.0 9.0 9.0 10.0 9.0 11.0 9.0 9.0 9.0 10.0 10.0 10.0 10.0 11.0 11.0 11.0 11.0 11.0 11.0 11.0 12.0 10.0 11.0 12.0 11.0 11.0 12.0 11.0 12.0 12.0 12.0 12.0 14.0 14.0 13.0 14.0 13.0 13.0 13.0 13.0 14.0 16.0 16.0 16.0 15.0 17.0 15.0 17.0 17.0 18.0 18.0 17.0 18.0 19.0 17.0 18.0 18.0 19.0 18.0 19.0 20.0 21.0 21.0 21.0 22.0 21.0 21.0 23.0 24.0 22.0 24.0 23.0 25.0 26.0 27.0 26.0 27.0 30.0 29.0 27.0 31.0 29.0 31.0 32.0 29.0 30.0 32.0 33.0 32.0 32.0 32.0 33.0 33.0 34.0 34.0 32.0 34.0 33.0 35.0 33.0 32.0 32.0 33.0 32.0 33.0 31.0 32.0 31.0 33.0 33.0 30.0 30.0 31.0 29.0 30.0 30.0 29.0 26.0 28.0 27.0 27.0 26.0 25.0 24.0 26.0 25.0 23.0 24.0 23.0 23.0 24.0 24.0 23.0 25.0 23.0 23.0 24.0 22.0 23.0 21.0 21.0 22.0 23.0 24.0 23.0 21.0 21.0 21.0 21.0 21.0 23.0 22.0 20.0 21.0 21.0 22.0 22.0 19.0 21.0 20.0 21.0 19.0 20.0 19.0 19.0 19.0 20.0 20.0 21.0 21.0 21.0 21.0 21.0 20.0 20.0 21.0 22.0 21.0 21.0 22.0 21.0 21.0 22.0 22.0 21.0 22.0 24.0 22.0 24.0 25.0 23.0 24.0 23.0 25.0 24.0 26.0 28.0 27.0 28.0 29.0 29.0 30.0 30.0 32.0 32.0 32.0 32.0 35.0 33.0 35.0 34.0 36.0 37.0 38.0 40.0 41.0 41.0 41.0 41.0 45.0 42.0 43.0 46.0 46.0 46.0 49.0 49.0 50.0 48.0 50.0 52.0 54.0 52.0 54.0 56.0 58.0 59.0 59.0 62.0 65.0 65.0 67.0 68.0 67.0 72.0 72.0 73.0 74.0 76.0 75.0 80.0 79.0 77.0 81.0 77.0 81.0 83.0 82.0 83.0 81.0 85.0 85.0 85.0 91.0 86.0 86.0 91.0 91.0 89.0 93.0 94.0 94.0 97.0 96.0 99.0 98.0 98.0 99.0 100.0 101.0 101.0 103.0 103.0 107.0 107.0 108.0 107.0 107.0 107.0 109.0 108.0 107.0 110.0 109.0 103.0 111.0 103.0 104.0 106.0 106.0 109.0 105.0 104.0 108.0 110.0 108.0 109.0 109.0 107.0 111.0 109.0 111.0 108.0 107.0 108.0 107.0 111.0 104.0 111.0 109.0 103.0 107.0 103.0 103.0 100.0 97.0 95.0 93.0 94.0 94.0 95.0 90.0 91.0 93.0 95.0 95.0 91.0 90.0 91.0 90.0 90.0 88.0 84.0 83.0 82.0 79.0 81.0 75.0 73.0 71.0 71.0 67.0 69.0 65.0 65.0 63.0 58.0 57.0 58.0 56.0 54.0 53.0 53.0 49.0 50.0 50.0 47.0 46.0 45.0 44.0 41.0 39.0 37.0 37.0 34.0 33.0 35.0 31.0 31.0 29.0 29.0 29.0 28.0 27.0 27.0 23.0 25.0 23.0 21.0 22.0 21.0 20.0 19.0 18.0 17.0 17.0 17.0 16.0 15.0 14.0 14.0 14.0 14.0 14.0 13.0 13.0 13.0 12.0 12.0 12.0 12.0 11.0 13.0 11.0 11.0 10.0 10.0 9.0 9.0 9.0 9.0 9.0 10.0 9.0 8.0 9.0 11.0 9.0 9.0 8.0 9.0 9.0 9.0 10.0 9.0 7.0 9.0 9.0 9.0 9.0 8.0 8.0 9.0 8.0 8.0 8.0 10.0 7.0 8.0 9.0 8.0 9.0 8.0 7.0 9.0 9.0 8.0 8.0 8.0 8.0 9.0 8.0 8.0 8.0 7.0 8.0 8.0 8.0 8.0 8.0 8.0 7.0 8.0 8.0 8.0 7.0 9.0 7.0 8.0 8.0 9.0 7.0 7.0 7.0 7.0 8.0 8.0 8.0 7.0 7.0 7.0 8.0 8.0 8.0 8.0 8.0 8.0 7.0 8.0 8.0 8.0 8.0 8.0 8.0 8.0 , 
5/13/2020 16:28,VN1B-MW01-026G-D315,sample_2,3,0,600,9.0 9.0 7.0 8.0 8.0 7.0 7.0 8.0 8.0 7.0 8.0 8.0 8.0 8.0 8.0 8.0 9.0 7.0 9.0 7.0 8.0 8.0 8.0 8.0 9.0 7.0 7.0 8.0 8.0 9.0 7.0 8.0 8.0 8.0 8.0 8.0 8.0 8.0 7.0 8.0 9.0 8.0 7.0 9.0 9.0 8.0 8.0 8.0 7.0 8.0 9.0 8.0 7.0 8.0 8.0 8.0 8.0 7.0 8.0 8.0 8.0 9.0 9.0 9.0 8.0 10.0 9.0 9.0 8.0 9.0 10.0 9.0 8.0 8.0 9.0 8.0 9.0 10.0 9.0 8.0 9.0 9.0 8.0 9.0 10.0 9.0 9.0 9.0 8.0 9.0 9.0 9.0 9.0 9.0 9.0 10.0 10.0 10.0 9.0 9.0 11.0 11.0 10.0 10.0 11.0 10.0 10.0 11.0 11.0 11.0 11.0 11.0 11.0 12.0 10.0 12.0 12.0 12.0 11.0 13.0 13.0 14.0 11.0 13.0 14.0 14.0 13.0 13.0 14.0 14.0 14.0 14.0 15.0 13.0 15.0 16.0 15.0 16.0 15.0 17.0 15.0 16.0 16.0 18.0 17.0 18.0 18.0 19.0 18.0 18.0 19.0 20.0 20.0 18.0 20.0 19.0 21.0 20.0 21.0 21.0 23.0 23.0 24.0 24.0 24.0 25.0 25.0 24.0 25.0 25.0 28.0 26.0 28.0 27.0 30.0 32.0 29.0 29.0 31.0 33.0 32.0 31.0 32.0 33.0 33.0 31.0 35.0 33.0 34.0 34.0 34.0 33.0 35.0 33.0 36.0 32.0 31.0 35.0 35.0 34.0 33.0 33.0 31.0 33.0 31.0 31.0 30.0 30.0 29.0 29.0 30.0 28.0 28.0 27.0 26.0 27.0 25.0 27.0 25.0 26.0 26.0 24.0 25.0 24.0 26.0 24.0 24.0 24.0 23.0 23.0 25.0 24.0 21.0 22.0 22.0 22.0 21.0 23.0 23.0 23.0 23.0 22.0 22.0 23.0 22.0 22.0 20.0 21.0 20.0 21.0 20.0 21.0 22.0 21.0 21.0 22.0 21.0 20.0 21.0 21.0 21.0 22.0 21.0 21.0 21.0 21.0 22.0 23.0 21.0 20.0 22.0 22.0 22.0 23.0 21.0 21.0 23.0 21.0 23.0 22.0 23.0 25.0 24.0 24.0 24.0 24.0 25.0 25.0 26.0 27.0 29.0 27.0 28.0 27.0 29.0 30.0 30.0 27.0 31.0 30.0 33.0 32.0 33.0 35.0 34.0 37.0 35.0 37.0 39.0 40.0 39.0 41.0 41.0 40.0 43.0 43.0 43.0 48.0 46.0 48.0 50.0 49.0 53.0 50.0 49.0 53.0 54.0 52.0 55.0 55.0 58.0 60.0 60.0 62.0 63.0 64.0 66.0 70.0 67.0 71.0 73.0 73.0 73.0 79.0 75.0 79.0 81.0 81.0 81.0 80.0 82.0 82.0 84.0 83.0 86.0 87.0 86.0 85.0 86.0 87.0 86.0 91.0 89.0 91.0 90.0 94.0 93.0 94.0 94.0 97.0 97.0 96.0 101.0 102.0 99.0 103.0 102.0 102.0 102.0 105.0 107.0 110.0 111.0 109.0 106.0 105.0 108.0 109.0 108.0 105.0 106.0 103.0 105.0 105.0 106.0 107.0 105.0 107.0 108.0 113.0 107.0 107.0 112.0 112.0 109.0 109.0 111.0 106.0 106.0 107.0 108.0 111.0 111.0 104.0 113.0 105.0 109.0 105.0 103.0 104.0 99.0 96.0 95.0 94.0 96.0 92.0 90.0 92.0 94.0 93.0 91.0 93.0 93.0 91.0 90.0 87.0 88.0 87.0 85.0 83.0 77.0 79.0 77.0 74.0 72.0 72.0 73.0 69.0 64.0 67.0 63.0 60.0 58.0 59.0 57.0 55.0 53.0 52.0 49.0 49.0 49.0 47.0 48.0 45.0 44.0 39.0 41.0 37.0 37.0 34.0 34.0 32.0 34.0 31.0 31.0 32.0 29.0 28.0 27.0 26.0 25.0 25.0 23.0 22.0 23.0 21.0 20.0 20.0 18.0 17.0 18.0 17.0 17.0 17.0 15.0 15.0 15.0 13.0 14.0 14.0 14.0 12.0 12.0 12.0 13.0 11.0 11.0 11.0 11.0 10.0 11.0 11.0 10.0 11.0 10.0 11.0 10.0 11.0 10.0 10.0 10.0 9.0 10.0 10.0 9.0 11.0 10.0 10.0 8.0 9.0 9.0 9.0 9.0 9.0 9.0 10.0 8.0 9.0 9.0 9.0 9.0 9.0 8.0 9.0 9.0 9.0 9.0 8.0 9.0 10.0 9.0 8.0 9.0 9.0 9.0 9.0 9.0 9.0 9.0 7.0 8.0 8.0 7.0 9.0 9.0 9.0 8.0 8.0 9.0 9.0 8.0 9.0 8.0 8.0 8.0 8.0 8.0 8.0 7.0 8.0 8.0 8.0 9.0 7.0 7.0 8.0 7.0 6.0 8.0 7.0 9.0 8.0 8.0 8.0 9.0 8.0 7.0 8.0 9.0 7.0 , 
5/13/2020 16:28,VN1B-MW01-026G-D315,sample_2,4,1,600,8.0 8.0 6.0 7.0 7.0 7.0 7.0 9.0 7.0 7.0 6.0 7.0 7.0 6.0 8.0 8.0 7.0 6.0 8.0 8.0 7.0 6.0 7.0 7.0 8.0 8.0 6.0 7.0 7.0 6.0 7.0 7.0 6.0 8.0 8.0 8.0 8.0 8.0 7.0 7.0 7.0 7.0 7.0 8.0 7.0 8.0 8.0 8.0 8.0 7.0 7.0 7.0 7.0 7.0 7.0 8.0 8.0 7.0 7.0 8.0 8.0 8.0 6.0 8.0 7.0 7.0 9.0 7.0 7.0 7.0 8.0 8.0 8.0 6.0 8.0 8.0 7.0 7.0 7.0 8.0 8.0 8.0 7.0 7.0 8.0 7.0 6.0 8.0 7.0 8.0 7.0 6.0 8.0 7.0 7.0 7.0 8.0 8.0 7.0 7.0 7.0 7.0 7.0 7.0 7.0 7.0 7.0 8.0 7.0 8.0 8.0 7.0 7.0 7.0 7.0 7.0 8.0 6.0 8.0 7.0 7.0 8.0 8.0 7.0 7.0 8.0 6.0 7.0 8.0 8.0 7.0 8.0 8.0 7.0 8.0 7.0 8.0 9.0 7.0 8.0 9.0 7.0 7.0 8.0 7.0 8.0 8.0 8.0 7.0 9.0 8.0 8.0 8.0 9.0 9.0 8.0 7.0 8.0 8.0 8.0 6.0 7.0 8.0 7.0 8.0 8.0 6.0 7.0 8.0 8.0 8.0 7.0 7.0 9.0 7.0 8.0 8.0 8.0 8.0 8.0 7.0 7.0 8.0 8.0 8.0 8.0 8.0 8.0 8.0 8.0 8.0 8.0 8.0 8.0 8.0 7.0 8.0 9.0 8.0 10.0 9.0 8.0 8.0 8.0 8.0 9.0 8.0 8.0 8.0 8.0 8.0 8.0 8.0 7.0 8.0 8.0 9.0 7.0 7.0 8.0 7.0 8.0 7.0 8.0 8.0 8.0 7.0 9.0 8.0 7.0 8.0 9.0 7.0 8.0 8.0 9.0 7.0 9.0 8.0 8.0 9.0 8.0 8.0 9.0 8.0 10.0 8.0 8.0 8.0 10.0 9.0 9.0 9.0 8.0 8.0 9.0 9.0 9.0 9.0 9.0 10.0 9.0 9.0 9.0 9.0 9.0 8.0 10.0 9.0 9.0 9.0 10.0 9.0 10.0 9.0 9.0 9.0 9.0 9.0 9.0 10.0 10.0 10.0 10.0 10.0 11.0 10.0 9.0 9.0 9.0 9.0 10.0 10.0 10.0 10.0 10.0 10.0 10.0 10.0 10.0 10.0 10.0 10.0 11.0 9.0 10.0 10.0 10.0 10.0 11.0 10.0 10.0 10.0 10.0 11.0 11.0 10.0 12.0 12.0 11.0 10.0 12.0 11.0 11.0 11.0 11.0 10.0 11.0 11.0 12.0 12.0 12.0 12.0 10.0 12.0 12.0 12.0 12.0 12.0 14.0 12.0 12.0 13.0 13.0 13.0 12.0 13.0 13.0 14.0 13.0 13.0 14.0 14.0 14.0 14.0 16.0 13.0 15.0 14.0 15.0 15.0 15.0 16.0 14.0 15.0 15.0 15.0 15.0 16.0 16.0 16.0 16.0 15.0 16.0 16.0 16.0 16.0 16.0 17.0 18.0 15.0 18.0 18.0 18.0 18.0 18.0 19.0 18.0 20.0 19.0 19.0 19.0 19.0 18.0 19.0 20.0 20.0 20.0 21.0 21.0 21.0 22.0 21.0 22.0 22.0 21.0 23.0 22.0 22.0 23.0 24.0 23.0 25.0 25.0 25.0 27.0 26.0 26.0 26.0 27.0 26.0 26.0 27.0 25.0 28.0 28.0 30.0 29.0 31.0 28.0 34.0 33.0 32.0 35.0 35.0 36.0 38.0 34.0 37.0 37.0 38.0 40.0 40.0 38.0 38.0 41.0 41.0 43.0 45.0 46.0 42.0 44.0 43.0 46.0 48.0 47.0 46.0 52.0 48.0 51.0 54.0 52.0 55.0 58.0 58.0 58.0 60.0 58.0 60.0 60.0 61.0 63.0 62.0 65.0 67.0 70.0 73.0 71.0 74.0 76.0 76.0 77.0 78.0 78.0 86.0 88.0 86.0 88.0 88.0 88.0 87.0 91.0 91.0 91.0 91.0 92.0 96.0 95.0 94.0 99.0 96.0 99.0 104.0 99.0 102.0 101.0 102.0 102.0 100.0 100.0 103.0 100.0 96.0 100.0 97.0 99.0 99.0 99.0 98.0 96.0 94.0 92.0 92.0 94.0 85.0 83.0 80.0 75.0 70.0 68.0 63.0 60.0 54.0 52.0 45.0 42.0 39.0 32.0 30.0 27.0 24.0 21.0 18.0 16.0 14.0 14.0 12.0 12.0 12.0 10.0 11.0 11.0 10.0 11.0 10.0 10.0 10.0 9.0 9.0 9.0 10.0 10.0 10.0 9.0 10.0 8.0 9.0 10.0 9.0 9.0 9.0 8.0 10.0 10.0 9.0 8.0 10.0 8.0 8.0 9.0 8.0 9.0 9.0 8.0 9.0 7.0 8.0 9.0 9.0 9.0 8.0 8.0 8.0 10.0 10.0 8.0 8.0 8.0 8.0 8.0 , 
5/13/2020 16:28,VN1B-MW01-026G-D315,sample_2,5,1,600,7.0 7.0 7.0 7.0 6.0 8.0 6.0 7.0 7.0 7.0 6.0 7.0 7.0 7.0 8.0 8.0 7.0 7.0 8.0 9.0 7.0 7.0 8.0 7.0 7.0 8.0 6.0 7.0 7.0 7.0 7.0 7.0 7.0 7.0 7.0 7.0 7.0 7.0 7.0 7.0 7.0 7.0 7.0 7.0 7.0 7.0 7.0 7.0 7.0 7.0 8.0 7.0 7.0 8.0 7.0 7.0 7.0 7.0 7.0 6.0 7.0 7.0 8.0 8.0 9.0 7.0 8.0 7.0 6.0 7.0 7.0 8.0 7.0 7.0 7.0 8.0 8.0 6.0 7.0 7.0 8.0 7.0 7.0 8.0 6.0 8.0 7.0 9.0 8.0 8.0 7.0 8.0 7.0 7.0 7.0 6.0 6.0 7.0 7.0 8.0 7.0 7.0 8.0 8.0 8.0 6.0 7.0 7.0 6.0 7.0 7.0 7.0 7.0 8.0 8.0 8.0 7.0 7.0 7.0 8.0 7.0 8.0 7.0 7.0 8.0 8.0 7.0 8.0 7.0 7.0 7.0 8.0 8.0 8.0 7.0 7.0 7.0 7.0 7.0 7.0 8.0 7.0 7.0 8.0 7.0 7.0 7.0 7.0 7.0 7.0 7.0 7.0 7.0 8.0 7.0 9.0 8.0 8.0 8.0 7.0 7.0 7.0 7.0 7.0 8.0 8.0 7.0 7.0 7.0 8.0 8.0 8.0 7.0 7.0 8.0 8.0 8.0 7.0 7.0 8.0 6.0 8.0 8.0 7.0 7.0 8.0 8.0 8.0 7.0 7.0 7.0 7.0 7.0 7.0 8.0 8.0 8.0 7.0 7.0 8.0 8.0 7.0 7.0 8.0 8.0 8.0 8.0 8.0 8.0 7.0 8.0 7.0 8.0 8.0 7.0 8.0 8.0 7.0 8.0 8.0 8.0 8.0 8.0 8.0 8.0 9.0 8.0 8.0 8.0 8.0 9.0 8.0 8.0 8.0 8.0 8.0 8.0 9.0 9.0 8.0 8.0 8.0 8.0 9.0 8.0 8.0 7.0 7.0 8.0 9.0 7.0 8.0 9.0 7.0 7.0 9.0 9.0 9.0 9.0 9.0 9.0 9.0 9.0 8.0 9.0 9.0 8.0 9.0 9.0 8.0 9.0 8.0 9.0 10.0 9.0 9.0 9.0 9.0 9.0 10.0 9.0 10.0 9.0 9.0 9.0 9.0 9.0 10.0 10.0 9.0 9.0 9.0 10.0 10.0 9.0 9.0 9.0 10.0 10.0 11.0 11.0 10.0 8.0 10.0 9.0 9.0 9.0 9.0 11.0 11.0 9.0 10.0 10.0 10.0 9.0 11.0 11.0 12.0 12.0 10.0 12.0 10.0 11.0 10.0 12.0 11.0 11.0 11.0 11.0 11.0 12.0 12.0 12.0 13.0 11.0 12.0 12.0 12.0 12.0 13.0 13.0 12.0 12.0 13.0 13.0 13.0 12.0 13.0 13.0 13.0 13.0 16.0 12.0 13.0 13.0 15.0 13.0 13.0 14.0 14.0 15.0 15.0 15.0 16.0 15.0 15.0 15.0 15.0 15.0 15.0 15.0 16.0 16.0 17.0 16.0 17.0 17.0 16.0 16.0 16.0 18.0 19.0 18.0 19.0 17.0 20.0 18.0 17.0 19.0 19.0 17.0 18.0 19.0 19.0 20.0 20.0 21.0 20.0 23.0 23.0 21.0 23.0 21.0 23.0 21.0 22.0 24.0 21.0 23.0 23.0 24.0 24.0 23.0 23.0 25.0 25.0 27.0 28.0 26.0 26.0 26.0 28.0 28.0 28.0 28.0 28.0 28.0 30.0 30.0 30.0 33.0 32.0 33.0 33.0 35.0 36.0 36.0 40.0 36.0 37.0 37.0 37.0 39.0 39.0 39.0 42.0 42.0 43.0 45.0 45.0 42.0 43.0 42.0 45.0 46.0 48.0 51.0 50.0 51.0 53.0 53.0 55.0 57.0 58.0 58.0 60.0 58.0 58.0 62.0 62.0 63.0 62.0 63.0 65.0 68.0 69.0 67.0 73.0 72.0 74.0 80.0 79.0 79.0 77.0 81.0 85.0 86.0 87.0 89.0 88.0 87.0 86.0 89.0 90.0 95.0 94.0 95.0 97.0 96.0 96.0 99.0 101.0 98.0 103.0 99.0 104.0 101.0 102.0 103.0 102.0 100.0 99.0 100.0 99.0 99.0 96.0 102.0 99.0 98.0 99.0 97.0 93.0 92.0 90.0 86.0 85.0 81.0 75.0 71.0 69.0 67.0 61.0 55.0 52.0 47.0 41.0 39.0 36.0 30.0 26.0 23.0 20.0 18.0 15.0 15.0 13.0 13.0 11.0 11.0 11.0 11.0 10.0 10.0 10.0 10.0 10.0 9.0 9.0 10.0 10.0 9.0 10.0 9.0 9.0 10.0 9.0 9.0 9.0 9.0 9.0 9.0 9.0 9.0 9.0 8.0 7.0 9.0 9.0 9.0 7.0 8.0 8.0 8.0 8.0 8.0 9.0 8.0 8.0 8.0 8.0 9.0 8.0 8.0 8.0 9.0 9.0 7.0 9.0 8.0 8.0 , 
5/13/2020 16:28,VN1B-MW01-026G-D315,sample_2,6,1,600,8.0 9.0 9.0 8.0 7.0 8.0 8.0 9.0 9.0 8.0 8.0 8.0 8.0 7.0 7.0 10.0 8.0 8.0 7.0 8.0 8.0 9.0 7.0 7.0 9.0 9.0 7.0 8.0 8.0 7.0 8.0 8.0 9.0 9.0 8.0 8.0 7.0 8.0 8.0 9.0 8.0 8.0 8.0 8.0 8.0 8.0 9.0 9.0 7.0 7.0 7.0 8.0 8.0 9.0 7.0 9.0 8.0 9.0 8.0 8.0 9.0 9.0 9.0 9.0 9.0 9.0 9.0 7.0 8.0 8.0 8.0 9.0 9.0 8.0 8.0 8.0 9.0 9.0 7.0 9.0 7.0 8.0 9.0 7.0 8.0 9.0 7.0 8.0 8.0 8.0 9.0 9.0 7.0 9.0 9.0 8.0 8.0 8.0 8.0 9.0 9.0 8.0 8.0 8.0 8.0 8.0 7.0 8.0 7.0 8.0 8.0 9.0 9.0 8.0 8.0 9.0 9.0 8.0 8.0 8.0 8.0 7.0 7.0 8.0 9.0 8.0 9.0 9.0 9.0 8.0 8.0 8.0 8.0 9.0 9.0 9.0 9.0 9.0 8.0 8.0 7.0 9.0 9.0 8.0 8.0 9.0 9.0 7.0 8.0 7.0 9.0 9.0 9.0 9.0 9.0 9.0 9.0 9.0 9.0 8.0 8.0 8.0 7.0 8.0 8.0 9.0 9.0 9.0 8.0 8.0 8.0 7.0 9.0 7.0 9.0 8.0 8.0 9.0 8.0 8.0 9.0 9.0 9.0 9.0 9.0 8.0 8.0 9.0 9.0 8.0 9.0 9.0 8.0 9.0 9.0 9.0 9.0 8.0 9.0 9.0 9.0 9.0 9.0 8.0 9.0 10.0 9.0 8.0 9.0 9.0 9.0 8.0 9.0 9.0 8.0 9.0 9.0 9.0 9.0 9.0 9.0 8.0 9.0 9.0 8.0 9.0 9.0 10.0 9.0 9.0 9.0 10.0 10.0 9.0 9.0 9.0 9.0 9.0 10.0 8.0 8.0 10.0 9.0 9.0 9.0 9.0 10.0 10.0 9.0 10.0 9.0 9.0 9.0 9.0 9.0 9.0 10.0 9.0 9.0 9.0 9.0 9.0 9.0 10.0 9.0 9.0 10.0 9.0 11.0 9.0 10.0 10.0 10.0 10.0 10.0 10.0 11.0 9.0 9.0 10.0 10.0 10.0 10.0 10.0 10.0 11.0 11.0 11.0 10.0 10.0 10.0 11.0 11.0 10.0 10.0 10.0 10.0 10.0 11.0 11.0 11.0 10.0 11.0 12.0 11.0 12.0 11.0 11.0 12.0 11.0 11.0 11.0 11.0 11.0 12.0 11.0 12.0 12.0 12.0 12.0 13.0 12.0 12.0 12.0 12.0 12.0 12.0 11.0 13.0 13.0 12.0 12.0 12.0 13.0 13.0 13.0 12.0 14.0 13.0 13.0 13.0 15.0 14.0 14.0 14.0 14.0 14.0 15.0 14.0 14.0 15.0 13.0 15.0 15.0 14.0 14.0 14.0 14.0 16.0 13.0 15.0 15.0 16.0 15.0 16.0 17.0 17.0 16.0 15.0 16.0 16.0 17.0 16.0 16.0 17.0 17.0 17.0 18.0 18.0 19.0 19.0 19.0 19.0 19.0 20.0 19.0 18.0 20.0 19.0 20.0 20.0 20.0 21.0 19.0 19.0 21.0 20.0 22.0 22.0 23.0 23.0 22.0 23.0 23.0 22.0 23.0 23.0 26.0 24.0 23.0 24.0 26.0 26.0 25.0 25.0 27.0 27.0 27.0 26.0 28.0 28.0 28.0 27.0 27.0 30.0 30.0 29.0 29.0 32.0 31.0 34.0 34.0 34.0 36.0 35.0 36.0 36.0 36.0 37.0 39.0 39.0 38.0 39.0 40.0 40.0 42.0 41.0 43.0 43.0 45.0 45.0 47.0 46.0 47.0 48.0 50.0 48.0 49.0 53.0 53.0 55.0 55.0 55.0 58.0 61.0 58.0 58.0 59.0 60.0 59.0 62.0 62.0 64.0 64.0 67.0 68.0 67.0 72.0 74.0 76.0 77.0 75.0 80.0 80.0 82.0 84.0 88.0 87.0 87.0 87.0 87.0 88.0 91.0 90.0 88.0 94.0 95.0 96.0 97.0 97.0 100.0 101.0 103.0 102.0 104.0 101.0 105.0 103.0 103.0 105.0 103.0 103.0 100.0 103.0 102.0 100.0 101.0 99.0 97.0 99.0 97.0 94.0 93.0 91.0 87.0 84.0 80.0 78.0 75.0 73.0 67.0 62.0 57.0 52.0 49.0 45.0 39.0 36.0 29.0 28.0 24.0 21.0 20.0 18.0 15.0 14.0 12.0 13.0 12.0 11.0 12.0 11.0 12.0 11.0 11.0 9.0 11.0 10.0 11.0 11.0 11.0 11.0 11.0 10.0 10.0 10.0 10.0 10.0 10.0 10.0 10.0 9.0 9.0 9.0 9.0 10.0 10.0 10.0 9.0 9.0 10.0 9.0 9.0 10.0 10.0 10.0 9.0 8.0 9.0 10.0 9.0 9.0 9.0 9.0 9.0 10.0 8.0 9.0 9.0 9.0 , 

5/13/2020 16:29,VN1B-MW01-026G-D315,sample_3,1,0,600,7.0 8.0 8.0 7.0 7.0 7.0 8.0 7.0 8.0 8.0 8.0 8.0 8.0 8.0 9.0 7.0 8.0 8.0 9.0 8.0 7.0 7.0 8.0 7.0 7.0 8.0 9.0 8.0 9.0 9.0 8.0 7.0 8.0 8.0 8.0 8.0 9.0 8.0 9.0 8.0 8.0 9.0 8.0 8.0 8.0 8.0 8.0 9.0 9.0 8.0 7.0 9.0 9.0 9.0 8.0 9.0 9.0 8.0 10.0 8.0 8.0 8.0 10.0 9.0 9.0 9.0 9.0 9.0 7.0 7.0 8.0 8.0 7.0 9.0 9.0 9.0 10.0 9.0 11.0 10.0 10.0 9.0 9.0 9.0 10.0 10.0 9.0 9.0 10.0 10.0 10.0 10.0 9.0 11.0 10.0 10.0 11.0 11.0 11.0 10.0 11.0 11.0 11.0 11.0 11.0 11.0 12.0 11.0 11.0 12.0 12.0 12.0 13.0 12.0 13.0 13.0 14.0 13.0 14.0 14.0 15.0 15.0 15.0 15.0 16.0 17.0 16.0 15.0 17.0 16.0 17.0 18.0 19.0 19.0 17.0 18.0 20.0 20.0 19.0 23.0 22.0 19.0 21.0 23.0 23.0 23.0 23.0 23.0 25.0 26.0 26.0 25.0 26.0 27.0 27.0 28.0 29.0 27.0 28.0 31.0 29.0 31.0 32.0 31.0 33.0 33.0 33.0 35.0 33.0 35.0 38.0 37.0 39.0 39.0 42.0 41.0 41.0 42.0 43.0 46.0 44.0 45.0 45.0 46.0 48.0 46.0 48.0 49.0 50.0 49.0 46.0 49.0 50.0 50.0 49.0 47.0 48.0 49.0 49.0 45.0 46.0 46.0 43.0 42.0 47.0 46.0 43.0 42.0 43.0 43.0 41.0 39.0 38.0 38.0 38.0 36.0 35.0 37.0 36.0 36.0 37.0 34.0 34.0 33.0 33.0 34.0 31.0 32.0 32.0 33.0 31.0 30.0 30.0 30.0 31.0 30.0 29.0 31.0 29.0 31.0 28.0 28.0 28.0 30.0 29.0 29.0 28.0 29.0 27.0 28.0 28.0 27.0 27.0 25.0 25.0 27.0 26.0 25.0 26.0 26.0 25.0 24.0 27.0 27.0 25.0 25.0 26.0 26.0 25.0 26.0 27.0 28.0 25.0 25.0 25.0 25.0 25.0 26.0 27.0 28.0 27.0 29.0 29.0 28.0 29.0 29.0 29.0 31.0 30.0 32.0 31.0 32.0 33.0 33.0 35.0 33.0 36.0 39.0 38.0 38.0 38.0 38.0 39.0 40.0 45.0 42.0 42.0 45.0 47.0 48.0 47.0 50.0 50.0 49.0 53.0 52.0 57.0 54.0 58.0 59.0 62.0 59.0 61.0 63.0 63.0 69.0 65.0 68.0 68.0 69.0 71.0 74.0 74.0 76.0 76.0 79.0 82.0 82.0 87.0 89.0 89.0 95.0 94.0 96.0 94.0 98.0 97.0 101.0 103.0 104.0 105.0 107.0 107.0 103.0 109.0 111.0 111.0 109.0 112.0 111.0 116.0 116.0 113.0 119.0 117.0 124.0 122.0 123.0 127.0 127.0 130.0 127.0 131.0 133.0 134.0 136.0 136.0 134.0 139.0 139.0 139.0 143.0 145.0 142.0 143.0 142.0 142.0 145.0 142.0 137.0 143.0 142.0 140.0 140.0 142.0 144.0 141.0 143.0 143.0 147.0 146.0 145.0 148.0 139.0 145.0 144.0 146.0 141.0 141.0 147.0 143.0 145.0 142.0 144.0 145.0 136.0 144.0 137.0 138.0 135.0 130.0 127.0 125.0 123.0 123.0 118.0 121.0 121.0 117.0 125.0 117.0 121.0 117.0 117.0 112.0 117.0 109.0 106.0 107.0 105.0 104.0 100.0 97.0 93.0 91.0 91.0 87.0 90.0 81.0 76.0 78.0 75.0 76.0 73.0 69.0 68.0 69.0 67.0 66.0 65.0 62.0 62.0 58.0 56.0 53.0 50.0 49.0 49.0 45.0 43.0 40.0 41.0 37.0 38.0 38.0 37.0 34.0 33.0 32.0 32.0 29.0 28.0 26.0 25.0 25.0 25.0 23.0 23.0 22.0 21.0 20.0 18.0 20.0 17.0 18.0 16.0 17.0 16.0 14.0 13.0 15.0 15.0 13.0 13.0 13.0 12.0 12.0 13.0 11.0 13.0 12.0 10.0 12.0 11.0 11.0 9.0 10.0 9.0 10.0 10.0 11.0 9.0 9.0 10.0 9.0 10.0 10.0 9.0 10.0 10.0 10.0 10.0 9.0 10.0 8.0 10.0 9.0 9.0 8.0 9.0 9.0 9.0 9.0 10.0 9.0 8.0 9.0 9.0 9.0 10.0 9.0 9.0 9.0 9.0 9.0 8.0 8.0 8.0 9.0 9.0 9.0 9.0 8.0 8.0 8.0 9.0 9.0 8.0 8.0 9.0 9.0 10.0 8.0 9.0 9.0 8.0 9.0 8.0 8.0 7.0 9.0 8.0 8.0 7.0 7.0 8.0 8.0 8.0 8.0 8.0 8.0 8.0 9.0 9.0 8.0 8.0 9.0 8.0 8.0 8.0 ,
5/13/2020 16:29,VN1B-MW01-026G-D315,sample_3,2,0,600,8.0 8.0 7.0 6.0 7.0 6.0 7.0 8.0 7.0 7.0 7.0 7.0 8.0 8.0 8.0 7.0 7.0 7.0 9.0 7.0 7.0 7.0 7.0 8.0 7.0 7.0 8.0 8.0 7.0 7.0 8.0 7.0 7.0 8.0 8.0 8.0 7.0 8.0 7.0 7.0 7.0 7.0 7.0 7.0 7.0 9.0 9.0 8.0 7.0 8.0 7.0 8.0 7.0 7.0 8.0 8.0 8.0 9.0 7.0 7.0 9.0 9.0 8.0 8.0 8.0 10.0 8.0 8.0 8.0 7.0 9.0 7.0 8.0 8.0 8.0 9.0 9.0 9.0 9.0 9.0 9.0 9.0 8.0 8.0 10.0 9.0 9.0 9.0 9.0 9.0 9.0 11.0 10.0 9.0 10.0 9.0 10.0 10.0 9.0 11.0 10.0 11.0 11.0 10.0 10.0 11.0 12.0 12.0 12.0 11.0 12.0 13.0 12.0 11.0 13.0 13.0 13.0 13.0 14.0 14.0 13.0 13.0 14.0 14.0 16.0 16.0 16.0 16.0 14.0 17.0 17.0 18.0 17.0 18.0 17.0 18.0 19.0 19.0 20.0 19.0 21.0 20.0 22.0 21.0 22.0 22.0 23.0 24.0 25.0 25.0 24.0 26.0 27.0 26.0 26.0 26.0 30.0 26.0 28.0 30.0 29.0 29.0 32.0 31.0 34.0 34.0 34.0 34.0 35.0 35.0 35.0 37.0 36.0 39.0 40.0 39.0 40.0 44.0 43.0 45.0 45.0 44.0 46.0 45.0 47.0 47.0 47.0 47.0 48.0 48.0 47.0 49.0 50.0 48.0 50.0 48.0 47.0 47.0 47.0 45.0 44.0 47.0 45.0 44.0 43.0 42.0 40.0 41.0 40.0 40.0 43.0 39.0 39.0 38.0 37.0 37.0 36.0 37.0 36.0 35.0 37.0 34.0 33.0 32.0 33.0 33.0 30.0 31.0 31.0 32.0 32.0 31.0 31.0 32.0 30.0 30.0 29.0 30.0 31.0 29.0 30.0 30.0 28.0 28.0 29.0 29.0 27.0 28.0 26.0 26.0 27.0 26.0 27.0 26.0 26.0 26.0 25.0 25.0 25.0 26.0 25.0 24.0 26.0 26.0 25.0 26.0 24.0 26.0 26.0 25.0 25.0 26.0 26.0 25.0 26.0 25.0 25.0 27.0 26.0 27.0 27.0 28.0 26.0 30.0 29.0 28.0 28.0 30.0 30.0 31.0 31.0 34.0 34.0 34.0 34.0 35.0 36.0 37.0 37.0 37.0 39.0 39.0 39.0 40.0 42.0 42.0 45.0 45.0 44.0 49.0 49.0 51.0 49.0 50.0 53.0 51.0 54.0 55.0 57.0 58.0 59.0 61.0 60.0 62.0 63.0 65.0 65.0 68.0 69.0 70.0 69.0 72.0 74.0 73.0 76.0 80.0 82.0 83.0 85.0 85.0 87.0 89.0 91.0 93.0 99.0 98.0 98.0 100.0 100.0 100.0 103.0 104.0 107.0 107.0 103.0 109.0 105.0 109.0 110.0 117.0 113.0 115.0 115.0 118.0 119.0 125.0 118.0 120.0 122.0 127.0 128.0 127.0 130.0 131.0 132.0 135.0 132.0 134.0 141.0 141.0 139.0 141.0 142.0 146.0 143.0 145.0 141.0 139.0 143.0 138.0 143.0 139.0 139.0 140.0 142.0 141.0 137.0 142.0 144.0 146.0 147.0 147.0 147.0 144.0 146.0 145.0 142.0 145.0 139.0 143.0 140.0 145.0 138.0 143.0 147.0 138.0 142.0 141.0 132.0 129.0 128.0 123.0 127.0 123.0 124.0 124.0 120.0 119.0 117.0 120.0 124.0 117.0 119.0 115.0 113.0 116.0 113.0 110.0 108.0 106.0 103.0 99.0 93.0 91.0 90.0 87.0 88.0 86.0 82.0 78.0 78.0 75.0 76.0 71.0 67.0 72.0 67.0 66.0 65.0 66.0 60.0 61.0 55.0 55.0 52.0 50.0 50.0 47.0 45.0 40.0 43.0 40.0 39.0 37.0 36.0 34.0 33.0 32.0 31.0 30.0 28.0 28.0 26.0 27.0 25.0 22.0 23.0 23.0 21.0 19.0 19.0 18.0 17.0 17.0 17.0 17.0 15.0 15.0 15.0 12.0 13.0 14.0 12.0 13.0 13.0 13.0 13.0 12.0 10.0 11.0 11.0 10.0 11.0 11.0 10.0 10.0 9.0 10.0 9.0 9.0 10.0 9.0 10.0 9.0 11.0 10.0 9.0 9.0 8.0 9.0 9.0 7.0 9.0 9.0 9.0 9.0 9.0 10.0 8.0 9.0 8.0 10.0 8.0 8.0 9.0 7.0 8.0 8.0 9.0 9.0 8.0 10.0 8.0 8.0 8.0 8.0 9.0 8.0 8.0 8.0 7.0 8.0 7.0 8.0 8.0 8.0 7.0 8.0 8.0 8.0 8.0 8.0 8.0 8.0 8.0 6.0 7.0 8.0 7.0 7.0 9.0 6.0 8.0 8.0 8.0 7.0 9.0 7.0 7.0 7.0 8.0 8.0 7.0 8.0 7.0 8.0 7.0 8.0 9.0 7.0 , 
5/13/2020 16:29,VN1B-MW01-026G-D315,sample_3,3,0,600,8.0 8.0 9.0 7.0 8.0 7.0 8.0 8.0 8.0 8.0 8.0 8.0 7.0 9.0 9.0 9.0 8.0 8.0 10.0 7.0 9.0 8.0 8.0 9.0 9.0 9.0 8.0 7.0 8.0 9.0 7.0 8.0 8.0 8.0 8.0 8.0 8.0 9.0 8.0 7.0 8.0 9.0 8.0 8.0 8.0 8.0 8.0 9.0 9.0 7.0 8.0 8.0 9.0 8.0 8.0 9.0 9.0 9.0 8.0 8.0 8.0 8.0 9.0 9.0 9.0 10.0 10.0 9.0 9.0 8.0 9.0 9.0 9.0 8.0 8.0 9.0 9.0 9.0 10.0 11.0 9.0 10.0 10.0 10.0 11.0 9.0 9.0 11.0 10.0 11.0 11.0 9.0 10.0 9.0 11.0 10.0 10.0 11.0 11.0 11.0 10.0 11.0 11.0 12.0 12.0 11.0 13.0 11.0 12.0 12.0 13.0 13.0 14.0 14.0 13.0 13.0 13.0 13.0 15.0 14.0 15.0 14.0 14.0 16.0 16.0 16.0 16.0 15.0 17.0 17.0 17.0 17.0 17.0 18.0 18.0 18.0 20.0 20.0 19.0 21.0 21.0 21.0 23.0 23.0 22.0 23.0 23.0 23.0 25.0 26.0 25.0 26.0 26.0 26.0 27.0 27.0 29.0 29.0 30.0 31.0 30.0 31.0 31.0 32.0 33.0 33.0 36.0 36.0 37.0 37.0 36.0 38.0 38.0 40.0 40.0 42.0 45.0 43.0 45.0 46.0 45.0 44.0 46.0 45.0 46.0 45.0 50.0 49.0 48.0 50.0 48.0 49.0 49.0 49.0 48.0 48.0 48.0 47.0 50.0 45.0 47.0 49.0 47.0 46.0 44.0 45.0 44.0 41.0 41.0 42.0 42.0 40.0 39.0 41.0 40.0 39.0 36.0 37.0 35.0 35.0 35.0 35.0 33.0 31.0 34.0 34.0 30.0 33.0 33.0 33.0 31.0 31.0 31.0 29.0 31.0 29.0 30.0 30.0 30.0 26.0 30.0 29.0 29.0 29.0 30.0 29.0 26.0 28.0 29.0 27.0 25.0 27.0 26.0 26.0 27.0 27.0 24.0 26.0 27.0 26.0 27.0 27.0 26.0 25.0 26.0 25.0 28.0 26.0 26.0 26.0 27.0 27.0 27.0 27.0 26.0 25.0 26.0 26.0 28.0 27.0 28.0 27.0 29.0 29.0 28.0 29.0 30.0 29.0 33.0 32.0 34.0 33.0 35.0 33.0 35.0 36.0 37.0 39.0 39.0 39.0 39.0 40.0 41.0 41.0 44.0 44.0 45.0 45.0 45.0 48.0 48.0 50.0 51.0 49.0 52.0 53.0 55.0 56.0 57.0 59.0 57.0 60.0 62.0 64.0 66.0 65.0 65.0 67.0 69.0 71.0 72.0 74.0 75.0 76.0 78.0 81.0 83.0 85.0 86.0 90.0 88.0 91.0 93.0 100.0 97.0 100.0 101.0 98.0 104.0 104.0 102.0 103.0 105.0 105.0 103.0 110.0 109.0 111.0 113.0 117.0 116.0 118.0 117.0 121.0 119.0 121.0 122.0 123.0 128.0 129.0 130.0 133.0 135.0 129.0 131.0 136.0 135.0 138.0 141.0 141.0 143.0 142.0 145.0 139.0 146.0 144.0 142.0 142.0 145.0 138.0 145.0 139.0 138.0 137.0 144.0 139.0 140.0 143.0 145.0 149.0 147.0 149.0 144.0 146.0 146.0 145.0 142.0 144.0 141.0 144.0 142.0 147.0 139.0 143.0 145.0 139.0 143.0 138.0 134.0 132.0 132.0 127.0 124.0 120.0 121.0 124.0 119.0 119.0 121.0 121.0 121.0 119.0 119.0 114.0 113.0 113.0 109.0 107.0 106.0 106.0 101.0 103.0 99.0 95.0 90.0 91.0 89.0 88.0 84.0 79.0 78.0 75.0 74.0 73.0 71.0 67.0 63.0 67.0 63.0 65.0 61.0 61.0 59.0 54.0 52.0 50.0 50.0 46.0 46.0 43.0 42.0 40.0 37.0 39.0 37.0 35.0 32.0 32.0 34.0 31.0 29.0 29.0 28.0 28.0 25.0 25.0 24.0 23.0 23.0 21.0 20.0 19.0 19.0 17.0 18.0 15.0 16.0 15.0 15.0 15.0 14.0 15.0 12.0 13.0 15.0 14.0 13.0 13.0 12.0 11.0 11.0 12.0 12.0 10.0 10.0 11.0 11.0 11.0 11.0 9.0 11.0 10.0 11.0 10.0 11.0 10.0 10.0 11.0 9.0 9.0 9.0 9.0 9.0 9.0 9.0 9.0 9.0 9.0 9.0 10.0 9.0 10.0 9.0 9.0 9.0 9.0 10.0 9.0 9.0 9.0 9.0 9.0 10.0 10.0 10.0 8.0 9.0 9.0 9.0 8.0 9.0 9.0 9.0 8.0 8.0 8.0 9.0 8.0 9.0 9.0 9.0 8.0 9.0 9.0 9.0 7.0 8.0 9.0 9.0 8.0 8.0 8.0 9.0 7.0 8.0 8.0 8.0 8.0 8.0 8.0 9.0 9.0 8.0 9.0 9.0 8.0 8.0 7.0 9.0 7.0 , 
5/13/2020 16:29,VN1B-MW01-026G-D315,sample_3,4,1,600,8.0 7.0 7.0 7.0 7.0 8.0 8.0 8.0 6.0 7.0 9.0 7.0 7.0 6.0 7.0 8.0 7.0 8.0 8.0 8.0 8.0 8.0 8.0 8.0 7.0 7.0 7.0 8.0 7.0 7.0 8.0 8.0 8.0 6.0 7.0 7.0 8.0 8.0 8.0 8.0 7.0 7.0 7.0 8.0 7.0 8.0 7.0 7.0 8.0 8.0 8.0 8.0 8.0 7.0 8.0 8.0 8.0 8.0 8.0 7.0 7.0 8.0 8.0 9.0 7.0 8.0 10.0 8.0 7.0 8.0 8.0 10.0 8.0 7.0 7.0 7.0 8.0 8.0 8.0 8.0 8.0 8.0 7.0 7.0 7.0 8.0 8.0 8.0 7.0 8.0 8.0 8.0 8.0 8.0 8.0 9.0 8.0 7.0 7.0 8.0 8.0 9.0 6.0 7.0 8.0 7.0 8.0 8.0 8.0 8.0 9.0 8.0 8.0 9.0 9.0 8.0 8.0 8.0 8.0 8.0 7.0 7.0 6.0 8.0 8.0 8.0 9.0 8.0 7.0 8.0 8.0 7.0 8.0 8.0 7.0 8.0 8.0 9.0 8.0 8.0 8.0 8.0 9.0 9.0 8.0 9.0 9.0 9.0 8.0 8.0 8.0 9.0 9.0 10.0 8.0 8.0 8.0 6.0 8.0 8.0 8.0 8.0 8.0 8.0 8.0 10.0 9.0 8.0 9.0 9.0 8.0 9.0 9.0 9.0 8.0 9.0 9.0 9.0 8.0 8.0 8.0 8.0 8.0 8.0 9.0 9.0 8.0 8.0 8.0 9.0 8.0 9.0 9.0 9.0 9.0 9.0 8.0 9.0 9.0 9.0 9.0 9.0 9.0 9.0 9.0 7.0 10.0 9.0 8.0 9.0 8.0 9.0 8.0 8.0 9.0 8.0 10.0 8.0 8.0 10.0 8.0 8.0 9.0 10.0 9.0 8.0 9.0 8.0 9.0 10.0 9.0 9.0 9.0 10.0 10.0 10.0 8.0 10.0 9.0 10.0 8.0 8.0 9.0 9.0 9.0 8.0 9.0 9.0 10.0 10.0 9.0 10.0 10.0 9.0 9.0 9.0 9.0 9.0 10.0 10.0 10.0 9.0 9.0 9.0 11.0 10.0 10.0 10.0 10.0 9.0 10.0 10.0 10.0 10.0 10.0 10.0 10.0 10.0 10.0 10.0 11.0 11.0 11.0 10.0 11.0 10.0 10.0 10.0 11.0 9.0 11.0 11.0 11.0 11.0 10.0 12.0 11.0 11.0 11.0 11.0 10.0 12.0 11.0 11.0 10.0 10.0 11.0 11.0 11.0 12.0 12.0 12.0 10.0 12.0 12.0 12.0 12.0 12.0 12.0 12.0 13.0 13.0 14.0 12.0 14.0 12.0 14.0 12.0 13.0 13.0 13.0 12.0 15.0 14.0 14.0 13.0 14.0 14.0 14.0 15.0 14.0 14.0 16.0 14.0 14.0 15.0 14.0 15.0 15.0 15.0 16.0 15.0 16.0 16.0 16.0 17.0 17.0 17.0 17.0 17.0 16.0 17.0 18.0 17.0 17.0 18.0 19.0 18.0 18.0 19.0 20.0 20.0 20.0 20.0 19.0 20.0 21.0 22.0 22.0 20.0 22.0 22.0 22.0 23.0 24.0 24.0 23.0 24.0 24.0 23.0 25.0 23.0 24.0 24.0 25.0 25.0 27.0 26.0 27.0 27.0 27.0 28.0 28.0 28.0 28.0 28.0 28.0 30.0 28.0 31.0 30.0 30.0 31.0 31.0 32.0 34.0 34.0 34.0 34.0 35.0 36.0 34.0 35.0 37.0 35.0 36.0 38.0 38.0 39.0 40.0 42.0 42.0 43.0 45.0 46.0 45.0 44.0 49.0 47.0 49.0 48.0 50.0 51.0 51.0 51.0 54.0 53.0 53.0 55.0 57.0 56.0 56.0 58.0 60.0 60.0 64.0 62.0 65.0 67.0 67.0 70.0 72.0 74.0 76.0 78.0 76.0 78.0 78.0 78.0 80.0 78.0 81.0 82.0 86.0 88.0 89.0 89.0 92.0 96.0 97.0 98.0 103.0 108.0 102.0 108.0 104.0 108.0 111.0 112.0 112.0 113.0 111.0 116.0 111.0 118.0 117.0 120.0 120.0 122.0 124.0 124.0 126.0 128.0 125.0 130.0 134.0 131.0 128.0 128.0 129.0 131.0 125.0 123.0 124.0 124.0 125.0 126.0 124.0 120.0 118.0 120.0 118.0 114.0 114.0 107.0 104.0 100.0 94.0 89.0 85.0 80.0 76.0 68.0 62.0 58.0 51.0 48.0 41.0 36.0 32.0 26.0 24.0 22.0 20.0 17.0 16.0 14.0 14.0 13.0 12.0 13.0 12.0 11.0 11.0 11.0 10.0 11.0 11.0 10.0 11.0 11.0 9.0 9.0 12.0 11.0 11.0 11.0 10.0 10.0 12.0 10.0 10.0 10.0 10.0 10.0 11.0 10.0 9.0 10.0 10.0 10.0 10.0 10.0 10.0 10.0 9.0 10.0 10.0 10.0 10.0 10.0 9.0 9.0 10.0 10.0 9.0 9.0 9.0 10.0 9.0 , 
5/13/2020 16:29,VN1B-MW01-026G-D315,sample_3,5,1,600,7.0 7.0 6.0 8.0 7.0 8.0 8.0 8.0 8.0 7.0 7.0 8.0 7.0 7.0 7.0 8.0 7.0 7.0 6.0 8.0 8.0 6.0 8.0 8.0 8.0 6.0 7.0 7.0 7.0 7.0 8.0 7.0 9.0 7.0 7.0 6.0 8.0 7.0 8.0 8.0 8.0 6.0 7.0 8.0 7.0 6.0 8.0 7.0 7.0 6.0 8.0 8.0 8.0 7.0 7.0 6.0 6.0 7.0 7.0 8.0 7.0 7.0 7.0 7.0 7.0 8.0 10.0 8.0 6.0 6.0 6.0 8.0 7.0 8.0 8.0 7.0 7.0 7.0 8.0 8.0 8.0 8.0 7.0 7.0 8.0 7.0 6.0 8.0 8.0 7.0 8.0 8.0 8.0 7.0 7.0 8.0 8.0 7.0 8.0 8.0 6.0 6.0 8.0 7.0 7.0 8.0 7.0 8.0 8.0 7.0 7.0 8.0 7.0 8.0 7.0 6.0 8.0 7.0 7.0 7.0 7.0 7.0 8.0 9.0 7.0 7.0 7.0 7.0 7.0 8.0 8.0 8.0 7.0 8.0 8.0 7.0 7.0 8.0 8.0 8.0 8.0 6.0 8.0 10.0 7.0 7.0 8.0 8.0 8.0 8.0 8.0 7.0 7.0 8.0 7.0 8.0 8.0 9.0 8.0 8.0 7.0 7.0 8.0 7.0 8.0 9.0 8.0 8.0 8.0 8.0 8.0 7.0 8.0 7.0 8.0 8.0 8.0 8.0 8.0 8.0 8.0 8.0 8.0 8.0 8.0 8.0 9.0 8.0 9.0 8.0 8.0 8.0 8.0 8.0 8.0 8.0 8.0 7.0 8.0 9.0 8.0 9.0 8.0 8.0 8.0 8.0 8.0 8.0 8.0 9.0 9.0 9.0 8.0 8.0 9.0 9.0 8.0 9.0 8.0 8.0 9.0 9.0 9.0 9.0 9.0 8.0 9.0 8.0 10.0 9.0 8.0 9.0 9.0 9.0 9.0 9.0 9.0 9.0 9.0 8.0 10.0 9.0 9.0 9.0 9.0 9.0 9.0 10.0 10.0 9.0 9.0 8.0 9.0 10.0 10.0 9.0 10.0 9.0 9.0 10.0 8.0 9.0 9.0 10.0 9.0 10.0 9.0 9.0 10.0 10.0 10.0 9.0 9.0 10.0 10.0 10.0 10.0 11.0 10.0 9.0 10.0 10.0 10.0 11.0 11.0 12.0 10.0 10.0 11.0 11.0 11.0 11.0 11.0 12.0 10.0 11.0 11.0 10.0 11.0 12.0 10.0 12.0 12.0 12.0 11.0 11.0 11.0 12.0 11.0 11.0 12.0 12.0 12.0 12.0 11.0 12.0 12.0 12.0 12.0 12.0 12.0 12.0 13.0 13.0 12.0 13.0 13.0 13.0 13.0 12.0 14.0 12.0 12.0 13.0 14.0 14.0 12.0 14.0 13.0 14.0 14.0 15.0 14.0 14.0 15.0 15.0 15.0 16.0 16.0 16.0 15.0 16.0 16.0 16.0 15.0 15.0 16.0 16.0 16.0 16.0 16.0 16.0 18.0 18.0 18.0 16.0 18.0 17.0 18.0 19.0 19.0 21.0 18.0 20.0 21.0 19.0 20.0 22.0 21.0 21.0 22.0 22.0 22.0 23.0 23.0 25.0 23.0 22.0 23.0 24.0 24.0 25.0 25.0 24.0 24.0 24.0 26.0 25.0 24.0 27.0 28.0 26.0 27.0 30.0 28.0 28.0 28.0 31.0 29.0 28.0 31.0 30.0 32.0 32.0 33.0 35.0 34.0 36.0 34.0 35.0 36.0 33.0 36.0 34.0 36.0 37.0 40.0 39.0 39.0 41.0 41.0 43.0 43.0 45.0 44.0 46.0 46.0 47.0 47.0 45.0 50.0 50.0 52.0 49.0 51.0 52.0 54.0 54.0 55.0 58.0 56.0 58.0 59.0 60.0 61.0 61.0 61.0 65.0 68.0 67.0 72.0 70.0 75.0 74.0 73.0 76.0 75.0 77.0 77.0 78.0 79.0 81.0 83.0 84.0 87.0 90.0 91.0 91.0 96.0 99.0 100.0 100.0 104.0 104.0 106.0 107.0 109.0 108.0 109.0 109.0 111.0 112.0 109.0 115.0 117.0 116.0 118.0 120.0 120.0 121.0 124.0 125.0 128.0 128.0 129.0 131.0 130.0 130.0 127.0 129.0 128.0 128.0 126.0 123.0 126.0 123.0 125.0 123.0 121.0 120.0 118.0 115.0 116.0 110.0 108.0 102.0 98.0 94.0 93.0 86.0 80.0 74.0 68.0 61.0 59.0 53.0 47.0 42.0 36.0 32.0 27.0 23.0 21.0 18.0 17.0 15.0 14.0 12.0 12.0 12.0 12.0 12.0 12.0 11.0 11.0 11.0 10.0 10.0 10.0 11.0 10.0 10.0 10.0 10.0 10.0 10.0 11.0 9.0 10.0 10.0 10.0 9.0 9.0 10.0 10.0 10.0 10.0 9.0 9.0 9.0 9.0 9.0 10.0 9.0 10.0 9.0 9.0 8.0 10.0 8.0 9.0 9.0 9.0 8.0 10.0 10.0 10.0 10.0 8.0 9.0 , 
5/13/2020 16:29,VN1B-MW01-026G-D315,sample_3,6,1,600,7.0 7.0 8.0 8.0 7.0 8.0 9.0 7.0 8.0 8.0 8.0 8.0 8.0 8.0 8.0 8.0 8.0 8.0 9.0 7.0 8.0 8.0 8.0 8.0 8.0 8.0 7.0 7.0 7.0 7.0 8.0 8.0 8.0 7.0 7.0 7.0 8.0 8.0 7.0 7.0 8.0 8.0 8.0 8.0 8.0 8.0 8.0 8.0 8.0 8.0 7.0 8.0 8.0 8.0 8.0 7.0 7.0 9.0 8.0 7.0 8.0 7.0 7.0 8.0 8.0 8.0 10.0 8.0 8.0 7.0 8.0 7.0 8.0 8.0 8.0 8.0 8.0 8.0 8.0 7.0 8.0 8.0 8.0 8.0 8.0 8.0 8.0 8.0 8.0 8.0 8.0 8.0 8.0 8.0 8.0 7.0 7.0 7.0 8.0 8.0 8.0 8.0 8.0 8.0 8.0 7.0 9.0 7.0 8.0 7.0 8.0 7.0 8.0 8.0 8.0 8.0 8.0 9.0 8.0 8.0 9.0 8.0 8.0 8.0 8.0 8.0 7.0 7.0 8.0 8.0 9.0 7.0 7.0 8.0 8.0 9.0 9.0 9.0 8.0 8.0 7.0 8.0 9.0 9.0 8.0 8.0 8.0 8.0 8.0 8.0 8.0 9.0 8.0 8.0 9.0 9.0 8.0 8.0 8.0 8.0 9.0 8.0 8.0 8.0 8.0 8.0 8.0 7.0 9.0 8.0 10.0 8.0 9.0 9.0 9.0 9.0 8.0 10.0 10.0 8.0 9.0 8.0 8.0 9.0 10.0 9.0 9.0 9.0 8.0 9.0 8.0 8.0 8.0 8.0 9.0 9.0 9.0 8.0 9.0 10.0 8.0 8.0 8.0 9.0 8.0 8.0 8.0 8.0 8.0 9.0 8.0 10.0 9.0 9.0 9.0 7.0 9.0 9.0 8.0 9.0 9.0 9.0 9.0 9.0 9.0 9.0 8.0 8.0 9.0 9.0 9.0 8.0 10.0 9.0 8.0 10.0 10.0 10.0 8.0 10.0 9.0 9.0 8.0 10.0 9.0 10.0 9.0 9.0 10.0 9.0 10.0 9.0 9.0 10.0 8.0 10.0 10.0 10.0 9.0 10.0 9.0 9.0 10.0 10.0 10.0 10.0 10.0 10.0 10.0 10.0 9.0 11.0 11.0 11.0 10.0 10.0 11.0 10.0 10.0 10.0 10.0 10.0 10.0 11.0 11.0 11.0 11.0 11.0 10.0 12.0 11.0 11.0 10.0 12.0 10.0 11.0 11.0 12.0 12.0 12.0 12.0 12.0 12.0 11.0 13.0 12.0 12.0 13.0 13.0 12.0 13.0 12.0 12.0 13.0 12.0 12.0 12.0 12.0 12.0 13.0 13.0 12.0 12.0 13.0 12.0 13.0 13.0 13.0 12.0 13.0 12.0 13.0 14.0 13.0 14.0 14.0 13.0 15.0 15.0 14.0 16.0 15.0 15.0 14.0 16.0 16.0 15.0 16.0 16.0 14.0 15.0 17.0 16.0 16.0 15.0 18.0 17.0 16.0 17.0 17.0 16.0 18.0 18.0 18.0 17.0 19.0 18.0 19.0 19.0 19.0 20.0 20.0 20.0 20.0 19.0 21.0 21.0 20.0 21.0 21.0 21.0 21.0 22.0 21.0 23.0 22.0 24.0 23.0 25.0 23.0 24.0 23.0 25.0 23.0 25.0 26.0 26.0 26.0 26.0 27.0 26.0 27.0 29.0 30.0 29.0 29.0 30.0 30.0 30.0 30.0 30.0 31.0 32.0 33.0 33.0 35.0 33.0 36.0 34.0 36.0 36.0 34.0 35.0 36.0 35.0 37.0 37.0 36.0 39.0 39.0 40.0 42.0 43.0 45.0 46.0 46.0 45.0 47.0 49.0 48.0 49.0 52.0 51.0 50.0 51.0 52.0 52.0 56.0 55.0 58.0 58.0 58.0 58.0 58.0 62.0 64.0 62.0 64.0 69.0 71.0 73.0 71.0 77.0 75.0 76.0 78.0 77.0 79.0 78.0 80.0 82.0 80.0 85.0 84.0 87.0 88.0 90.0 92.0 93.0 99.0 100.0 102.0 104.0 105.0 106.0 108.0 111.0 108.0 110.0 111.0 111.0 113.0 113.0 111.0 116.0 115.0 118.0 117.0 121.0 124.0 121.0 125.0 127.0 123.0 130.0 131.0 130.0 132.0 132.0 127.0 130.0 128.0 126.0 124.0 122.0 128.0 123.0 119.0 123.0 122.0 119.0 118.0 114.0 113.0 109.0 106.0 102.0 95.0 90.0 90.0 81.0 75.0 70.0 62.0 58.0 53.0 46.0 41.0 35.0 32.0 28.0 24.0 22.0 21.0 17.0 15.0 14.0 14.0 12.0 12.0 12.0 12.0 11.0 11.0 12.0 10.0 11.0 10.0 10.0 11.0 10.0 11.0 11.0 10.0 12.0 10.0 10.0 11.0 10.0 10.0 10.0 9.0 9.0 9.0 10.0 9.0 10.0 10.0 10.0 10.0 10.0 9.0 10.0 9.0 10.0 9.0 8.0 9.0 10.0 10.0 10.0 9.0 10.0 10.0 10.0 10.0 10.0 9.0 9.0 10.0 , 
